date,Market_raw,Credit_raw,Capex_Supply_Manual_raw,Infra_Manual_raw,Adoption_raw,Sentiment_raw,Capex_Supply_raw,Infra_raw,Market,Credit,Capex_Supply,Infra,Adoption,Sentiment,AIBPS,AIBPS_RA
1981-03-31,124.53615159341156,13.33,,,,,,,78.13593979635118,77.3780628639999,,,,,77.75700133017554,77.75700133017554
1981-04-30,125.1668133639439,13.88,,,,,,,77.10343176927663,83.16752733453254,,,,,80.13547955190458,78.94624044104006
1981-05-31,127.15082646291252,14.32,,,,,,,77.81851923255861,85.38864065433954,,,,,81.60357994344908,79.83202027517639
1981-06-30,124.16001702958144,13.75,,,,,,,72.62877859714277,76.0402731758476,,,,,74.33452588649519,78.69119512728294
1981-07-31,122.75942975974334,14.38,,,,,,,69.69293656121778,82.64587365184252,,,,,76.16940510653015,77.36917031215813
1981-08-31,114.28982780468525,14.89,,,,,,,54.8709645898225,85.52657022344911,,,,,70.19876740663581,73.56756613322038
1981-09-30,106.53541683729036,15.49,,,,,,,40.42057634747289,87.78718811860186,,,,,64.10388223303738,70.15735158206779
1981-10-31,113.73799454958451,15.4,,,,,,,54.288427972008556,84.82303081664644,,,,,69.5557293943275,67.95279301133355
1981-11-30,117.58628915346,14.22,,,,,,,61.48952044712299,70.23386643410716,,,,,65.86169344061507,66.50710168932665
1981-12-31,114.2125326954434,14.23,,,,,,,54.69920714950792,69.73238965749941,,,,,62.21579840350366,65.87774041281541
1982-01-31,110.96793554318754,15.18,,,,,,,47.9898085258287,80.44312187718153,,,,,64.21646520150512,64.09798568187462
1982-02-28,105.00533965640986,15.27,,,,,,,36.04560488252841,80.05383838569557,,,,,58.04972163411199,61.49399507970693
1982-03-31,103.33319047375456,14.58,,,,,,,33.22642222832704,70.90065938037395,,,,,52.063540804350495,58.10990921332253
1982-04-30,108.09287824656812,14.46,,,,,,,43.102316811952626,68.68360269159626,,,,,55.89295975177445,55.33540739674564
1982-05-31,104.19150488310947,14.26,,,,,,,35.226546381785546,65.3093979415908,,,,,50.26797216168818,52.7414909059377
1982-06-30,100.95926912518348,14.81,,,,,,,29.475309453537378,72.71217331523036,,,,,51.09374138438387,52.41822443261549
1982-07-31,98.63453405445588,14.61,,,,,,,26.02689604280373,69.39473049528368,,,,,47.710813269043705,49.69084227170524
1982-08-31,107.2767432673588,13.71,,,,,,,43.44800125612498,54.7023101985584,,,,,49.075155727341695,49.29323679358975
1982-09-30,110.74794394218236,12.94,,,,,,,51.30787365585275,41.33032960313607,,,,,46.31910162949441,47.701690208626594
1982-10-31,124.29489905171933,12.12,,,,,,,77.85214440492037,28.635312723476776,,,,,53.24372856419856,49.545995307011545
1982-11-30,132.48505014531153,11.68,,,,,,,86.67616483054542,23.391669499937322,,,,,55.03391716524137,51.532249119644774
1982-12-31,133.440105726495,11.83,,,,,,,86.20538415450629,25.975764228895088,,,,,56.09057419170069,54.7894066403802
1983-01-31,140.40846014670623,11.79,,,,,,,90.18002423680275,26.021608868057033,,,,,58.10081655242989,56.408435969790645
1983-02-28,145.42563589205412,12.01,,,,,,,91.47709025080145,29.57501001443586,,,,,60.52605013261866,58.2391469589164
1983-03-31,150.70311821025115,11.73,,,,,,,92.35280123115174,26.141240998988994,,,,,59.24702111507036,59.291295933372965
1983-04-30,162.60775511636575,11.51,,,,,,,94.72408486989382,23.871158444137862,,,,,59.29762165701583,59.69023096823494
1983-05-31,166.55817430476904,11.46,,,,,,,94.11450482868598,23.85992842491918,,,,,58.98721662680258,59.177286466296245
1983-06-30,171.9394954909959,11.74,,,,,,,93.91992773477179,28.071800160774536,,,,,60.99586394777315,59.760234077197175
1983-07-31,165.15812668391675,12.15,,,,,,,90.1888523435336,34.513333344717616,,,,,62.35109284412561,60.77805780623377
1983-08-31,162.396784936563,12.51,,,,,,,87.7033557342827,40.62812996429066,,,,,64.16574284928667,62.50423321372847
1983-09-30,164.43578774501665,12.37,,,,,,,87.4959047100191,38.37833882849138,,,,,62.93712176925524,63.151319154222506
1983-10-31,156.50053979785213,12.25,,,,,,,82.18399853874742,36.525304525059035,,,,,59.35465153190322,62.1525053834817
1983-11-30,161.18619514534976,12.41,,,,,,,84.08634138023855,39.40680168315161,,,,,61.74657153169508,61.346114944284516
1983-12-31,158.35688774427246,12.57,,,,,,,81.59025486367963,42.34250623676123,,,,,61.96638055022043,61.02253453793958
1984-01-31,154.54741578110472,12.2,,,,,,,78.39815947632421,35.97742891537582,,,,,57.18779419585002,60.30024875925517
1984-02-29,146.86360591087862,12.08,,,,,,,71.99337586588067,34.14585998968257,,,,,53.06961792778162,57.407930891284025
1984-03-31,147.23879944525672,12.57,,,,,,,71.95386818729035,42.94216840361597,,,,,57.44801829545317,55.90181013969493
1984-04-30,146.58739176197687,12.81,,,,,,,71.06288736836517,47.48880511106227,,,,,59.275846239713715,56.59782748764949
1984-05-31,137.9072465570444,13.28,,,,,,,62.759376590529726,56.419369089607706,,,,,59.589372840068705,58.77107912507853
1984-06-30,141.17041275002094,13.55,,,,,,,65.77606127034657,61.35919670898197,,,,,63.56762898966427,60.81094935648222
1984-07-31,136.9909702974497,13.44,,,,,,,61.48235699249063,59.20869119258543,,,,,60.34552409253803,61.167508640757
1984-08-31,151.71686226000034,12.87,,,,,,,74.77033771807112,48.10542853691667,,,,,61.43788312749388,61.783678736565385
1984-09-30,150.00998030938274,12.66,,,,,,,72.99697611113977,44.01473000750612,,,,,58.505853059322945,60.096420093118276
1984-10-31,149.09678556806458,12.63,,,,,,,71.89412619282939,43.48207932844049,,,,,57.68810276063493,59.210612982483916
1984-11-30,146.5755044050602,12.29,,,,,,,69.37840918844373,37.021582720319905,,,,,53.199995954381805,56.46465059144656
1984-12-31,149.6313823964963,12.13,,,,,,,71.83046816006102,34.21790525617257,,,,,53.02418670811679,54.637428474377835
1985-01-31,164.8261388373725,12.08,,,,,,,82.34437005881865,32.76234623742471,,,,,57.55335814812168,54.592513603540084
1985-02-28,167.20515978757828,12.13,,,,,,,82.95908828598189,33.790765398501165,,,,,58.37492684224152,56.31749056616
1985-03-31,165.43181902702165,12.56,,,,,,,81.31146653095087,42.297296923388195,,,,,61.80438172716952,59.24422223917757
1985-04-30,165.50105808778352,12.23,,,,,,,80.76677141570181,35.72241892559704,,,,,58.244595170649426,59.474634580020144
1985-05-31,172.91124963727282,11.72,,,,,,,84.59253113971691,26.220051003520695,,,,,55.4062910716188,58.48508932314591
1985-06-30,175.58785924074996,10.94,,,,,,,85.25244222813771,15.294642830583062,,,,,50.27354252936039,54.641476257209526
1985-07-31,176.75703213158525,10.97,,,,,,,84.97924856720886,15.69858787986238,,,,,50.33891822353562,52.0062506081716
1985-08-31,174.64123593610907,11.05,,,,,,,82.90081783707457,16.986321942014346,,,,,49.94356988954445,50.18534354748015
1985-09-30,166.39377569769275,11.07,,,,,,,76.56733479754497,17.759916879904697,,,,,47.16362583872483,49.14870465060162
1985-10-31,149.03667511809735,11.02,,,,,,,60.363222097923895,17.828729049323748,,,,,39.09597557362382,45.40105710063103
1985-11-30,160.12734624746983,10.55,,,,,,,70.4866690673678,13.926445583283217,,,,,42.20655732532551,42.82205291255806
1985-12-31,166.83335380372208,10.16,,,,,,,75.39453031805884,11.764973657560777,,,,,43.57975198780981,41.62742829558638
1986-01-31,169.4074623549131,10.05,,,,,,,76.63848756104768,12.008420712578612,,,,,44.32345413681315,43.369921149982815
1986-02-28,180.87711799254228,9.67,,,,,,,83.30769584663587,10.538871462483208,,,,,46.92328365455953,44.94216325972749
1986-03-31,189.9423038705285,9.0,,,,,,,86.87598000190602,8.093352180148052,,,,,47.48466609102704,46.24380129413324
1986-04-30,192.4533973539966,8.79,,,,,,,86.9291672221031,8.319835446153608,,,,,47.624501334128354,47.34415035990497
1986-05-31,201.79232754097904,9.09,,,,,,,89.43442045239223,10.978749570452365,,,,,50.206585011422305,48.43858414552589
1986-06-30,203.74626638939063,9.13,,,,,,,88.98850474817664,12.315450269833413,,,,,50.65197750900503,49.49435461818522
1986-07-31,187.25117093342087,8.88,,,,,,,80.60061309550933,11.81145307249018,,,,,46.206033083999756,49.021531868142354
1986-08-31,196.5485054732925,8.72,,,,,,,84.47885253433785,11.792356959539525,,,,,48.13560474693869,48.33120511331449
1986-09-30,179.5026239371812,8.89,,,,,,,74.00245921849759,13.54482172126286,,,,,43.77364046988023,46.038426100272886
1986-10-31,187.29680522645404,8.86,,,,,,,78.39393970627752,14.008010121430004,,,,,46.20097491385376,46.03674004355755
1986-11-30,189.57826354513327,8.68,,,,,,,79.02841688445197,13.73009377731376,,,,,46.37925533088287,45.451290238205615
1986-12-31,183.4077571775817,8.49,,,,,,,74.40346216953644,13.42478488708557,,,,,43.91412352831101,45.49811792434921
1987-01-31,208.94251848839812,8.36,,,,,,,87.31880512350197,13.285540200935838,,,,,50.3021726622189,46.86518384047093
1987-02-28,223.317504096132,8.38,,,,,,,91.20580738896889,14.016927318006026,,,,,52.61136735348746,48.94255451467245
1987-03-31,227.50807624738013,8.36,,,,,,,91.49086827927468,14.629740964825771,,,,,53.060304622050225,51.99128154591886
1987-04-30,223.648784993348,8.85,,,,,,,89.53344767355632,19.117653941818194,,,,,54.325550807687264,53.3324075944083
1987-05-31,225.026232014724,9.33,,,,,,,89.24840377206165,24.33492489426204,,,,,56.79166433316185,54.72583992096644
1987-06-30,230.91038034735288,9.32,,,,,,,90.38917564212606,24.66324288213142,,,,,57.52620926212874,56.21447480099261
1987-07-31,239.34523225461464,9.42,,,,,,,91.99561728677857,26.23381166090038,,,,,59.11471447383948,57.810862689710014
1987-08-31,250.55756528999515,9.67,,,,,,,93.56503310579552,29.89043914801754,,,,,61.727736126906535,59.456219954291576
1987-09-30,244.85056607806143,10.18,,,,,,,91.49197777034682,37.519445604199156,,,,,64.50571168727299,61.782720762673
1987-10-31,183.4628126214965,10.52,,,,,,,57.75755395755052,43.05961536985631,,,,,50.408584663703415,58.88067749262765
1987-11-30,169.72138590614625,10.01,,,,,,,45.57379383123937,35.790318052827246,,,,,40.68205594203331,51.86545076433657
1987-12-31,185.3551826499413,10.11,,,,,,,58.370840625733024,37.67681139970521,,,,,48.02382601271912,46.37148887281861
1988-01-31,192.0297861328911,9.88,,,,,,,63.368959893691134,34.786472302053284,,,,,49.077716097872205,45.92786601754154
1988-02-29,203.66388570051456,9.4,,,,,,,71.69759980054044,28.85282301216926,,,,,50.27521140635484,49.125584505648725
1988-03-31,202.80160239228164,9.39,,,,,,,70.45578157713555,29.30210929704161,,,,,49.87894543708858,49.7439576471052
1988-04-30,205.22982151440195,9.67,,,,,,,71.6261686682822,33.54285775793432,,,,,52.584513213108266,50.91289001885056
1988-05-31,202.89479170662267,9.9,,,,,,,69.38713845438042,37.22288157201763,,,,,53.30501001319902,51.92282288779862
1988-06-30,215.7603077369224,9.86,,,,,,,77.40987114397112,37.08315760244614,,,,,57.246514373208626,54.378679199838636
1988-07-31,211.532938869568,9.96,,,,,,,74.06940642028401,39.046447839165566,,,,,56.55792712972478,55.70315050537747
1988-08-31,203.3278889485109,10.11,,,,,,,67.71704752692374,41.849464659257016,,,,,54.78325609309037,56.19589919867459
1988-09-30,211.0651345579092,9.82,,,,,,,72.6460387897065,37.960863739772066,,,,,55.30345126473928,55.54821149585147
1988-10-31,210.73148954325765,9.51,,,,,,,71.78151244313217,33.949733579488765,,,,,52.86562301131047,54.31744345638003
1988-11-30,205.3108454940601,9.45,,,,,,,67.30898907864244,33.66098847620762,,,,,50.48498877742502,52.88468768449159
1988-12-31,210.8989678068833,9.57,,,,,,,70.77890118203959,36.009671902188536,,,,,53.39428654211405,52.24829944361651
1989-01-31,223.38187602125893,9.62,,,,,,,78.06841541561434,37.3257922478572,,,,,57.69710383173577,53.858793050424936
1989-02-28,219.7645491427147,9.64,,,,,,,75.20954815291472,38.177127770947486,,,,,56.6933379619311,55.928242778593635
1989-03-31,223.56234739550325,9.8,,,,,,,76.89070945982265,41.354703586604,,,,,59.122706523213324,57.837716105626725
1989-04-30,236.3963661136814,9.79,,,,,,,83.05278910404806,41.82872403004494,,,,,62.44075656704649,59.41893368406363
1989-05-31,247.4690149326556,9.57,,,,,,,87.01827496780191,38.72512039010004,,,,,62.87169767895098,61.47838692307027
1989-06-30,241.60614822922125,9.1,,,,,,,83.87080471760683,31.27539689363685,,,,,57.57310080562184,60.9618516838731
1989-07-31,256.4204846635435,8.93,,,,,,,88.9147718881008,28.764258180222008,,,,,58.83951503416141,59.76143783957807
1989-08-31,263.41396635273446,8.96,,,,,,,90.077260540282,29.64391370552298,,,,,59.86058712290249,58.757734320895246
1989-09-30,264.75000566638306,9.01,,,,,,,89.52824244118538,30.94703624620449,,,,,60.23763934369494,59.64591383358627
1989-10-31,257.5286069664993,8.92,,,,,,,86.27363980313771,29.61445754910314,,,,,57.94404867612042,59.34742504757261
1989-11-30,259.80377013358446,8.89,,,,,,,86.38677941670646,29.435649320686068,,,,,57.911214368696264,58.697634129503875
1989-12-31,261.5234173737545,8.86,,,,,,,86.27210351424014,29.2375095849511,,,,,57.75480654959562,57.87002319813743
1990-01-31,240.0651778489579,8.99,,,,,,,75.06767693389637,32.413214181401706,,,,,53.74044555764903,56.468822158646965
1990-02-28,244.67114797218423,9.22,,,,,,,77.07941231103135,38.439650151198,,,,,57.75953123111467,56.41826111278644
1990-03-31,250.5302627168849,9.37,,,,,,,79.56801029127318,43.234256709013955,,,,,61.401133500143565,57.63370342963575
1990-04-30,242.57206200363055,9.46,,,,,,,74.35649442877263,47.05565265160857,,,,,60.7060735401906,59.95557942381627
1990-05-31,268.2299472161015,9.47,,,,,,,86.19445018866755,48.52968996438736,,,,,67.36207007652746,63.15642570562054
1990-06-30,268.6395049366281,9.26,,,,,,,85.40816058576374,41.71801271940338,,,,,63.56308665258356,63.877076756433866
1990-07-31,258.77557578086845,9.24,,,,,,,80.21255131013424,41.68951521277416,,,,,60.9510332614542,63.95872999685506
1990-08-31,228.6280676046025,9.41,,,,,,,60.20157720185155,49.31466875511562,,,,,54.75812297848358,59.757414297507104
1990-09-30,211.46417908203816,9.56,,,,,,,45.779540420863555,57.00866477770641,,,,,51.394102599284984,55.70108627974091
1990-10-31,206.53731256139213,9.53,,,,,,,40.61051956062428,57.31391326390597,,,,,48.962216412265114,51.70481399667788
1990-11-30,223.67568404386512,9.3,,,,,,,54.527345364120016,47.20654970880652,,,,,50.86694753646327,50.40775551600445
1990-12-31,231.33571803746236,9.05,,,,,,,60.57186853012687,35.69329662152719,,,,,48.13258257582703,49.3205821748518
1991-01-31,252.8709806418753,9.04,,,,,,,76.71520606673731,35.80477519710956,,,,,56.25999063192343,51.753173581404575
1991-02-28,272.75029257334535,8.83,,,,,,,86.52898213248918,27.126827439827455,,,,,56.82790478615831,53.74015933130292
1991-03-31,285.4166401407429,8.93,,,,,,,90.04044457580986,31.497391895882092,,,,,60.76891823584597,57.9522712179759
1991-04-30,285.5895791989184,8.86,,,,,,,89.02122188290194,28.36104800521283,,,,,58.69113494405739,58.76265265535388
1991-05-31,298.6578526673018,8.86,,,,,,,91.5502087659015,28.625941334758444,,,,,60.08807505032998,59.84937607674444
1991-06-30,279.82494744772674,9.01,,,,,,,84.2642604513591,35.46664783788677,,,,,59.86545414462294,59.54822137967009
1991-07-31,295.2534908918864,9.0,,,,,,,88.86764954168828,34.85835901994022,,,,,61.86300428081425,60.60551115858905
1991-08-31,306.752065687026,8.75,,,,,,,90.87952553996695,24.150062148474564,,,,,57.51479384422075,59.74775075655264
1991-09-30,304.8265392377068,8.61,,,,,,,89.44616436565572,19.641254562834646,,,,,54.54370946424518,57.97383586309339
1991-10-31,310.9192357935842,8.55,,,,,,,90.04221955100363,18.217228850520826,,,,,54.129724200762226,55.39607583640938
1991-11-30,299.7293615517313,8.48,,,,,,,85.76205847446647,16.51318670028104,,,,,51.13762258737375,53.27035208412705
1991-12-31,338.1191607456058,8.31,,,,,,,93.79357351720846,12.632686501070122,,,,,53.21313000913929,52.82682559909174
1992-01-31,344.82597722842735,8.2,,,,,,,93.56380836443431,10.681026302864986,,,,,52.12241733364965,52.15772331005422
1992-02-29,350.8868149313089,8.29,,,,,,,93.19524613718968,12.633030415489305,,,,,52.91413827633949,52.749895206376145
1992-03-31,335.54556481830934,8.35,,,,,,,89.18926563090388,13.997356315562204,,,,,51.593310973233045,52.209955527740725
1992-04-30,329.27821640506687,8.33,,,,,,,86.59283577302125,14.224939307193349,,,,,50.4088875401073,51.63877892989328
1992-05-31,332.9074396037136,8.28,,,,,,,86.47422828873539,14.114762110297574,,,,,50.294495199516476,50.76556457095227
1992-06-30,322.2683560795934,8.22,,,,,,,82.50175697196231,13.847143158288908,,,,,48.174450065125605,49.62594426824978
1992-07-31,333.3011479991221,8.07,,,,,,,84.75947468007978,12.051491153669572,,,,,48.405482916874675,48.95814272717225
1992-08-31,323.32060441797245,7.95,,,,,,,80.9669908788461,11.145650281579515,,,,,46.05632058021281,47.545417854071026
1992-09-30,332.59335051286695,7.92,,,,,,,82.90155203789185,11.534172750660348,,,,,47.2178623942761,47.226555297121195
1992-10-31,341.9731763038778,7.99,,,,,,,84.66065347802427,13.242254149761306,,,,,48.95145381389279,47.408545596127226
1992-11-30,361.7678160098429,8.1,,,,,,,88.44559955861251,16.3061161171388,,,,,52.37585783787566,49.51505801534818
1992-12-31,370.6949273382872,7.98,,,,,,,89.23821384358578,14.490694995809882,,,,,51.86445441969783,51.063922023822094
1993-01-31,378.5819600676975,7.91,,,,,,,89.66843083618899,13.995188280811377,,,,,51.831809558500176,52.02404060535789
1993-02-28,369.0500725115196,7.71,,,,,,,86.83565807359001,11.593537719605232,,,,,49.214597896597624,50.97028729159854
1993-03-31,377.8503710718071,7.58,,,,,,,87.6738082006939,10.781596172948623,,,,,49.22770218682126,50.09136988063968
1993-04-30,362.9603393877822,7.46,,,,,,,83.44288979052784,10.229641342048208,,,,,46.83626556628803,48.4261885499023
1993-05-31,382.0698187085745,7.43,,,,,,,86.88607728136267,10.803278243896676,,,,,48.84467776262968,48.30288183857965
1993-06-30,382.3009147853648,7.33,,,,,,,85.97045006777812,10.470165024132497,,,,,48.22030754595531,47.96708362495767
1993-07-31,377.9271999420344,7.17,,,,,,,84.1080979389779,9.477765057951256,,,,,46.79293149846458,47.95263893568318
1993-08-31,396.0033858119386,6.85,,,,,,,87.07694053737492,7.217678160206701,,,,,47.14730934879081,47.38684946440356
1993-09-30,401.6659688236008,6.66,,,,,,,87.2163512576024,6.765594097692674,,,,,46.990972677647534,46.97707117496764
1993-10-31,410.0479768630259,6.67,,,,,,,87.80447260838822,8.021943532163018,,,,,47.91320807027562,47.35049669890466
1993-11-30,401.9396441944523,6.93,,,,,,,85.40381771184992,11.833501484101273,,,,,48.6186595979756,47.840946781966245
1993-12-31,411.2437889616455,6.93,,,,,,,86.38854863380874,12.83342790011992,,,,,49.610988266964334,48.714285311738514
1994-01-31,425.0829044674478,6.92,,,,,,,87.91489044176302,13.649783547997338,,,,,50.78233699488018,49.670661619940034
1994-02-28,418.69006582953216,7.08,,,,,,,85.85402361953635,16.844933295136254,,,,,51.3494784573363,50.58093457306027
1994-03-31,393.9126712643503,7.48,,,,,,,79.46807550854626,24.994554334049834,,,,,52.23131492129804,51.454376791171505
1994-04-30,390.6282192228971,7.88,,,,,,,77.84597893451664,35.35823147298387,,,,,56.60210520375025,53.39429952746153
1994-05-31,394.15507551397377,7.99,,,,,,,78.06352111655876,39.00702993733429,,,,,58.53527552694653,55.78956521733161
1994-06-30,379.2058982126656,7.97,,,,,,,72.9728132510108,38.915985290268324,,,,,55.94439927063956,57.02726000044544
1994-07-31,389.4753856362889,8.11,,,,,,,75.44251989719301,43.44522221731957,,,,,59.44387105725629,57.97451528494745
1994-08-31,411.469698627825,8.07,,,,,,,80.62326954494982,42.65386248344177,,,,,61.63856601419579,59.00894544736388
1994-09-30,406.2949752525832,8.34,,,,,,,78.50166681710787,51.28933548772019,,,,,64.89550115241404,61.99264607462203
1994-10-31,417.3720719192545,8.57,,,,,,,80.52345610665664,58.568524238699815,,,,,69.54599017267823,65.36001911309602
1994-11-30,403.9488194949941,8.68,,,,,,,76.24081247489423,61.99096610377435,,,,,69.11588928933429,67.85246020480885
1994-12-31,405.7573179507114,8.46,,,,,,,76.04385002985018,55.553149292525596,,,,,65.79849966118789,68.15345970773346
1995-01-31,409.9866531641174,8.46,,,,,,,76.58830598629564,55.864006119637246,,,,,66.22615605296643,67.0468483344962
1995-02-28,430.724549202834,8.26,,,,,,,81.2469172586312,50.074698426665975,,,,,65.6608078426486,65.89515451893429
1995-03-31,443.6812965713337,8.12,,,,,,,83.37600274969547,46.20067189680934,,,,,64.7883373232524,65.55843373962247
1995-04-30,459.75452414012153,8.03,,,,,,,85.78954419931672,43.93557923910338,,,,,64.86256171921005,65.103902295037
1995-05-31,474.8085979597059,7.65,,,,,,,87.4413858281294,32.64967504709635,,,,,60.045530437612875,63.232143160025096
1995-06-30,506.72765036034633,7.3,,,,,,,90.82705841728972,23.801691640302366,,,,,57.31437502879604,60.740822395206315
1995-07-31,534.650750918547,7.41,,,,,,,92.64845913108527,27.246124003929438,,,,,59.94729156750736,59.102399011305415
1995-08-31,540.7705420375663,7.57,,,,,,,92.28782789662037,32.40140258372417,,,,,62.34461524017227,59.868760612158546
1995-09-30,554.5761518923447,7.32,,,,,,,92.72758230305101,25.590525099206996,,,,,59.159053701129004,60.4836535029362
1995-10-31,556.1395177915016,7.12,,,,,,,92.13253634256328,20.83144359089609,,,,,56.481989966729685,59.32855296934364
1995-11-30,566.4173327598246,7.02,,,,,,,92.24321059151222,19.012353095670687,,,,,55.62778184359146,57.08960850381671
1995-12-31,562.9952635300332,6.82,,,,,,,91.08612303977013,15.527424845105555,,,,,53.30677394243784,55.13884858425299
1996-01-31,574.9399472996212,6.81,,,,,,,91.32988924297686,16.061480794473162,,,,,53.69568501872501,54.210080268251424
1996-02-29,593.4754095854314,6.99,,,,,,,91.97707637582624,20.812024341868256,,,,,56.39455035884725,54.465669773336685
1996-03-31,591.4411234879749,7.35,,,,,,,90.72455375045641,31.818974507816154,,,,,61.27176412913627,57.12066650223617
1996-04-30,628.803047583825,7.5,,,,,,,92.75518521295307,37.64866615186524,,,,,65.20192568240915,60.95608005679755
1996-05-31,651.478709980061,7.62,,,,,,,93.16249576619174,42.828140369111026,,,,,67.99531806765138,64.82300262639893
1996-06-30,635.5267729312183,7.71,,,,,,,90.91916592879177,47.20089181524138,,,,,69.06002887201657,67.4190908740257
1996-07-31,593.1293484014221,7.65,,,,,,,85.53233507522879,45.47661424201984,,,,,65.50447465862432,67.51994053276408
1996-08-31,617.1523758450106,7.46,,,,,,,87.38669439524601,38.09109503161623,,,,,62.73889471343112,65.76779941469067
1996-09-30,666.4346598745315,7.66,,,,,,,90.90625675636625,47.4049198999902,,,,,69.15558832817823,65.79965256674456
1996-10-31,674.720358090183,7.39,,,,,,,90.46899607435904,36.140882676995155,,,,,63.304939375677094,65.06647413909548
1996-11-30,728.1580652996745,7.1,,,,,,,92.95008481720407,25.503728663901903,,,,,59.22690674055299,63.89581148146942
1996-12-31,719.4274654708582,7.2,,,,,,,91.23492438918106,29.81814628796101,,,,,60.52653533857104,61.019460484933695
1997-01-31,779.913374859826,7.42,,,,,,,93.45375732553646,39.60199665058809,,,,,66.52787698806227,62.093773022395425
1997-02-28,746.1531946197207,7.31,,,,,,,90.34051273568944,35.31908790602342,,,,,62.82980032085643,63.29473754916324
1997-03-31,702.9085331343975,7.55,,,,,,,85.86000380560874,46.91527289946829,,,,,66.38763835253852,65.24843855381906
1997-04-30,746.2920662883216,7.73,,,,,,,88.47971244823447,56.19808804222638,,,,,72.33890024523042,67.18544630620845
1997-05-31,813.036765468711,7.58,,,,,,,91.62381166439914,49.398959523913085,,,,,70.51138559415612,69.74597473064168
1997-06-30,831.9558412029311,7.41,,,,,,,91.51056345277098,41.53338776864544,,,,,66.52197561070821,69.79075381669824
1997-07-31,926.6427535064614,7.14,,,,,,,94.29716947998752,29.726367208273473,,,,,62.011768344130495,66.34837651633161
1997-08-31,899.7729742054998,7.22,,,,,,,92.10578081333757,33.763107073992224,,,,,62.934443943664895,63.82272929950119
1997-09-30,940.6756572044224,7.15,,,,,,,92.65214032775233,31.21884072679623,,,,,61.935490527274276,62.29390093835655
1997-10-31,889.7815949562695,7.0,,,,,,,89.14233063697084,25.747442868010424,,,,,57.444886752490625,60.771607074476584
1997-11-30,912.0354823415224,6.87,,,,,,,89.25798511520291,21.778143444107346,,,,,55.518064279655135,58.29948051980667
1997-12-31,892.9737936123911,6.76,,,,,,,87.11494269109996,19.06820400267358,,,,,53.09157334688677,55.351508126344164
1998-01-31,929.1284476513086,6.61,,,,,,,88.161853073182,15.813313056312317,,,,,51.987583064747156,53.532406897096344
1998-02-28,1015.9459893157742,6.67,,,,,,,91.1536731339428,18.339478049851614,,,,,54.746575591897205,53.275244001177036
1998-03-31,1052.3371818086243,6.72,,,,,,,91.4177988505418,20.616184550143917,,,,,56.016991700342864,54.25038345232906
1998-04-30,1069.9283579840396,6.69,,,,,,,90.9552623134307,20.443023726169983,,,,,55.699143019800346,55.48757010401346
1998-05-31,1029.1858231929302,6.69,,,,,,,88.11321663527984,21.1545623175547,,,,,54.63388947641727,55.450008065520144
1998-06-30,1107.5577874599394,6.53,,,,,,,90.36899831818607,17.4585542131131,,,,,53.91377626564959,54.748936253955726
1998-07-31,1110.6293933182508,6.55,,,,,,,89.39814725439682,18.65888495180426,,,,,54.028516103100536,54.19206061505579
1998-08-31,917.6380140891674,6.52,,,,,,,77.34440193357389,18.276816670421052,,,,,47.81060930199747,51.91763389024919
1998-09-30,1034.3931333057403,6.4,,,,,,,84.22477605938339,15.687167126492627,,,,,49.95597159293801,50.59836566601199
1998-10-31,1090.1056552912853,6.37,,,,,,,86.20492886693972,15.405450587906374,,,,,50.80518972742305,49.523923540786164
1998-11-30,1191.2312942615215,6.41,,,,,,,89.51286693233043,16.91623785709719,,,,,53.21455239471381,51.32523790502495
1998-12-31,1340.7530809289622,6.22,,,,,,,92.89852227882483,13.66308923731991,,,,,53.28080575807237,52.433515960069734
1999-01-31,1504.0654013495634,6.24,,,,,,,94.94532163806461,14.786987734510307,,,,,54.86615468628745,53.78717094635787
1999-02-28,1388.8256002306898,6.4,,,,,,,91.30621133742747,18.976257053545297,,,,,55.14123419548638,54.42939821328205
1999-03-31,1143.1435498184271,6.62,,,,,,,80.64604448046629,25.5052040921689,,,,,53.075624286317584,54.36100438936379
1999-04-30,1173.5131840700994,6.64,,,,,,,81.44687406849205,26.76703937464317,,,,,54.10695672156761,54.10793840112385
1999-05-31,1144.119311168464,6.93,,,,,,,79.08508727893296,37.02778987312987,,,,,58.05643857603142,55.079673194638865
1999-06-30,1240.4556348803376,7.23,,,,,,,83.28686741036717,48.98740701703753,,,,,66.13713721370235,59.43351083710045
1999-07-31,1217.375121992755,7.19,,,,,,,81.35699730454623,47.97643884719866,,,,,64.66671807587244,62.95343128853539
1999-08-31,1259.8827962156822,7.4,,,,,,,82.66365429934378,56.960401353065585,,,,,69.81202782620467,66.87196103859314
1999-09-30,1255.3053946825348,7.39,,,,,,,81.65388812781099,57.4006940312656,,,,,69.5272910795383,68.00201232720512
1999-10-31,1359.260680816296,7.55,,,,,,,85.52471530803808,65.10178296917572,,,,,75.3132491386069,71.55085601478328
1999-11-30,1497.0709126427846,7.36,,,,,,,89.42793983362718,58.620380616764066,,,,,74.02416022519563,72.95490014778028
1999-12-31,1796.9403559242755,7.55,,,,,,,94.70130521252034,68.32106419571136,,,,,81.51118470411585,76.94953135597278
2000-01-31,1729.99827073739,7.78,,,,,,,92.45757564519369,78.58634187836884,,,,,85.52195876178126,80.35243456369757
2000-02-29,1999.7552248801317,7.68,,,,,,,95.37935652299895,76.03935086570412,,,,,85.70935369435153,84.2474990534162
2000-03-31,2039.2018328943568,7.68,,,,,,,94.69531931555173,76.888718530559,,,,,85.79201892305537,85.67444379306271
2000-04-30,1776.763572635583,7.64,,,,,,,88.87394074567815,76.04038291027092,,,,,82.45716182797453,84.65284481512714
2000-05-31,1595.9707638135458,7.99,,,,,,,82.50747486851658,86.85716685469279,,,,,84.68232086160468,84.31050053754485
2000-06-30,1790.8789517068324,7.67,,,,,,,87.62196718940487,76.13418545344618,,,,,81.87807632142552,83.00585300366824
2000-07-31,1719.557379838791,7.65,,,,,,,84.62278374222716,75.01980650022004,,,,,79.8212951212236,82.1272307680846
2000-08-31,1913.65925021264,7.55,,,,,,,88.87242023264285,70.79302158717984,,,,,79.83272090991134,80.51069745085347
2000-09-30,1697.532086931452,7.62,,,,,,,81.71484968843463,73.45305844602362,,,,,77.58395406722912,79.07932336612134
2000-10-31,1583.340905800781,7.55,,,,,,,76.5401152482173,69.99880983685459,,,,,73.26946254253595,76.89537917322546
2000-11-30,1262.142322509793,7.45,,,,,,,59.49011530293598,64.96693749972859,,,,,62.22852640133229,71.02731433703244
2000-12-31,1205.735046584157,7.21,,,,,,,55.564159830495406,52.369689924788474,,,,,53.96692487764193,63.154971273836715
2001-01-31,1319.6853976442862,7.15,,,,,,,61.82286852122737,48.866588899697035,,,,,55.34472871046219,57.180059996478796
2001-02-28,1039.8578185626673,7.1,,,,,,,43.92056034367082,46.09411686809178,,,,,45.0073386058813,51.4396640646618
2001-03-31,897.774598765972,6.98,,,,,,,34.77729927105921,40.11628806694179,,,,,37.446793669000506,45.93295366178132
2001-04-30,1024.3117882520055,7.2,,,,,,,41.99703493887968,52.05377922881568,,,,,47.02540708384768,43.15984645290982
2001-05-31,1012.1761357199792,7.29,,,,,,,40.717603583923776,57.20221149521558,,,,,48.95990753956967,44.47736943080594
2001-06-30,1020.0485280877754,7.18,,,,,,,40.67219722896058,51.78495179036848,,,,,46.22857450966453,47.40462971102729
2001-07-31,962.9389328691332,7.13,,,,,,,36.38712652857687,49.50948677043318,,,,,42.94830664950503,46.04559623291308
2001-08-31,862.9152491094362,7.02,,,,,,,29.797466053162108,43.81602900949345,,,,,36.80674753132778,41.994542896832435
2001-09-30,726.3561030560924,7.17,,,,,,,22.34552444850761,52.63055471781984,,,,,37.488039583163726,39.081031254665504
2001-10-31,804.9291924908655,7.03,,,,,,,26.127193638230494,45.07478959423186,,,,,35.60099161623118,36.63192624357422
2001-11-30,912.3360300592756,6.97,,,,,,,32.05060352035531,41.86702279568371,,,,,36.95881315801951,36.682614785804795
2001-12-31,912.8234537826004,6.77,,,,,,,31.720421778422057,31.850115706073556,,,,,31.78526874224781,34.781691172166155
2002-01-31,900.3679696918109,6.55,,,,,,,30.726524187814324,22.922235919954215,,,,,26.824380053884266,31.856153984717185
2002-02-28,820.3317091486379,6.51,,,,,,,25.874847417615467,22.144108036370817,,,,,24.009477726993143,27.53970884104173
2002-03-31,868.1814899090147,6.81,,,,,,,28.28685258876532,36.07141156036478,,,,,32.179132074565054,27.670996618480814
2002-04-30,788.3561241402767,6.76,,,,,,,23.695176392392497,34.134713290919514,,,,,28.914944841656002,28.367851547738056
2002-05-31,759.3243821535497,6.75,,,,,,,22.299758132294105,34.20203796301758,,,,,28.250898047655845,29.781658321292287
2002-06-30,682.9678809754085,6.63,,,,,,,18.97768493999412,28.969984503310787,,,,,23.973834721652455,27.046559203654756
2002-07-31,624.5783962985023,6.53,,,,,,,17.09259136783214,25.158024415548308,,,,,21.125307891690223,24.450013553666167
2002-08-31,619.0395951629824,6.37,,,,,,,17.413179901102012,19.833105549710236,,,,,18.623142725406122,21.240761779582925
2002-09-30,549.7948046677966,6.15,,,,,,,15.503344664820148,14.224410205490855,,,,,14.863877435155501,18.20410935075061
2002-10-31,625.4195347351035,6.32,,,,,,,18.91299826732209,20.05780985348654,,,,,19.485404060404317,17.65747474032197
2002-11-30,688.4326364450404,6.31,,,,,,,22.062506828517066,20.386134167475966,,,,,21.224320497996516,18.524533997852103
2002-12-31,623.8039976222806,6.21,,,,,,,19.697878294662164,17.90471099706345,,,,,18.801294645862807,19.837006401421206
2003-01-31,616.0129605726304,6.17,,,,,,,19.89976434362878,17.327970129689476,,,,,18.61386723665913,19.546494126839473
2003-02-28,621.5149913227904,5.95,,,,,,,20.73250344029723,12.763212334719091,,,,,16.74785788750816,18.054339923343356
2003-03-31,625.5925889788311,5.89,,,,,,,21.520695266777114,12.47503535087233,,,,,16.99786530882472,17.45319681099733
2003-04-30,679.6477654462348,5.74,,,,,,,24.458810274897722,10.732396753775788,,,,,17.595603514336755,17.1137755702232
2003-05-31,731.2031104869836,5.22,,,,,,,27.328385470874267,5.6782226413567045,,,,,16.50330405611549,17.032257626425647
2003-06-30,738.6472762487236,4.97,,,,,,,28.15116094036627,4.976836553869385,,,,,16.56399874711783,16.887635439190017
2003-07-31,776.6263581798358,5.49,,,,,,,30.48398031504477,11.555601259224076,,,,,21.019790787134422,18.029031196789237
2003-08-31,806.8300094690377,5.88,,,,,,,32.225725412546765,19.65650883393164,,,,,25.9411171232392,21.17496888583047
2003-09-30,791.9791879719048,5.72,,,,,,,31.72894628992462,16.820615065862537,,,,,24.274780677893578,23.745229529422392
2003-10-31,852.1306942484774,5.7,,,,,,,35.25630916344613,17.052407234037773,,,,,26.154358198741953,25.456751999958232
2003-11-30,859.9032275131657,5.65,,,,,,,36.03059495825596,16.75352550044591,,,,,26.392060229350935,25.607066368662146
2003-12-31,888.3058897507093,5.62,,,,,,,38.05382597440357,16.747146388815082,,,,,27.400486181609327,26.648968203234062
2004-01-31,907.9535114244565,5.54,,,,,,,39.68903598700446,15.90909321741442,,,,,27.79906460220944,27.19720367105656
2004-02-29,900.2100175114874,5.5,,,,,,,39.67773801288267,15.955516148377754,,,,,27.816627080630212,27.672059288149654
2004-03-31,883.336945286886,5.33,,,,,,,38.95838936590251,14.115043667651067,,,,,26.53671651677679,27.384136066538804
2004-04-30,859.2167267405048,5.73,,,,,,,37.88049144517513,22.198172320947375,,,,,30.03933188306125,28.130891826822744
2004-05-31,887.3287861929922,6.04,,,,,,,39.77557934548834,30.2145364733232,,,,,34.99505790940577,30.523702103081263
2004-06-30,912.6620283431308,6.01,,,,,,,41.58726265940495,30.00032020406436,,,,,35.793791431734654,33.609393741400545
2004-07-31,852.7739446155587,5.82,,,,,,,38.43215881083065,25.894125341407744,,,,,32.1631420761192,34.31733047241986
2004-08-31,838.4326914711252,5.65,,,,,,,38.00579028182237,22.775397647690873,,,,,30.39059396475662,32.782509157536815
2004-09-30,859.8481685378325,5.46,,,,,,,39.62457580522155,19.715653979357,,,,,29.670114892289273,30.741283644388357
2004-10-31,892.2023066705716,5.47,,,,,,,41.96260360026495,20.686034189339043,,,,,31.324318894801994,30.46167591728262
2004-11-30,939.9951530997016,5.52,,,,,,,45.36458785275844,22.469279470223647,,,,,33.91693366149104,31.63712248286076
2004-12-31,971.7974212990288,5.47,,,,,,,48.12554176711218,22.150852687018325,,,,,35.138197227065255,33.459816594452754
2005-01-31,924.4314639347226,5.36,,,,,,,45.8208999455448,20.592522248217,,,,,33.2067110968809,34.08728066181239
2005-02-28,925.718713641572,5.2,,,,,,,46.88939373430144,18.305527754446366,,,,,32.597460744373905,33.64745635610668
2005-03-31,906.0863637286724,5.4,,,,,,,46.551961865248245,22.911544655773795,,,,,34.73175326051102,33.511975033921935
2005-04-30,874.7657162229867,5.33,,,,,,,45.01394366876514,22.064041103179203,,,,,33.53899238597217,33.62273546361902
2005-05-31,932.8761804267488,5.15,,,,,,,50.70669354068321,18.913207325495453,,,,,34.809950433089334,34.360232026524166
2005-06-30,919.8576632370036,4.96,,,,,,,50.90672713279996,16.169976966667505,,,,,33.53835204973373,33.96243162293174
2005-07-31,974.5180225882076,5.06,,,,,,,57.712902617374816,18.597508698360482,,,,,38.15520565786765,35.50116938023023
2005-08-31,961.063379745525,5.09,,,,,,,59.40331725655591,19.81265838957534,,,,,39.60798782306562,37.10051517688899
2005-09-30,967.4087416878,5.13,,,,,,,63.325366791755854,21.182945969809055,,,,,42.254156380782455,40.005783287238565
2005-10-31,952.6322979656784,5.35,,,,,,,64.81966807334837,26.956781534758484,,,,,45.88822480405342,42.583456335967156
2005-11-30,1000.6810653047544,5.42,,,,,,,73.25211149468916,29.387876065925276,,,,,51.319993780307215,46.48745832171435
2005-12-31,989.8941106058056,5.37,,,,,,,73.13597418357699,28.545482809812704,,,,,50.84072849669485,49.34964902701849
2006-01-31,1027.3475434832435,5.29,,,,,,,80.73442328903124,26.890420561838408,,,,,53.81242192543482,51.99104806747895
2006-02-28,1014.5656193227182,5.35,,,,,,,79.27461402783304,29.188079157757592,,,,,54.23134659279531,52.96149900497499
2006-03-31,1034.2823115599342,5.53,,,,,,,81.07897929422367,35.44479898866715,,,,,58.26188914144541,55.43521921989184
2006-04-30,1034.3904121733335,5.84,,,,,,,81.02966624125736,47.195515681256175,,,,,64.11259096125677,58.868608898499154
2006-05-31,975.6210538907176,5.95,,,,,,,73.17698434802014,52.31164066558095,,,,,62.74431250680054,61.706264203167564
2006-06-30,973.6424463473858,5.89,,,,,,,73.13419136027053,50.82071517052109,,,,,61.977453265395816,62.9447855778177
2006-07-31,947.5442204735684,5.85,,,,,,,68.96735025907313,50.05685568184888,,,,,59.512102970461,61.41128958088578
2006-08-31,983.8296077093004,5.68,,,,,,,74.26334541411445,43.57315000056971,,,,,58.91824770734208,60.13593464773296
2006-09-30,1019.365013592897,5.51,,,,,,,78.44094273043315,36.92725863784044,,,,,57.68410068413679,58.70481712064662
2006-10-31,1063.2265347217535,5.51,,,,,,,82.74179544022408,37.50173078733914,,,,,60.121763113781604,58.90803716842015
2006-11-30,1091.667392468991,5.33,,,,,,,84.79801979716613,30.112305241203778,,,,,57.45516251918496,58.42034210570111
2006-12-31,1085.1532024186583,5.32,,,,,,,83.39099402188009,30.15314723310731,,,,,56.7720706274937,58.11633208682008
2007-01-31,1105.1377317413778,5.4,,,,,,,84.449684546334,34.35832879840818,,,,,59.40400667237109,57.877079939683234
2007-02-28,1083.8718927987738,5.39,,,,,,,81.49035289924083,34.4493591492499,,,,,57.96985602424537,58.04864444137004
2007-03-31,1090.2346282561773,5.3,,,,,,,81.34328882148412,30.471691841151028,,,,,55.907490331317575,57.76045100931134
2007-04-30,1141.522489298909,5.47,,,,,,,85.08823220581867,39.95617016184817,,,,,62.522201183833424,58.79984917979878
2007-05-31,1178.152713895753,5.47,,,,,,,86.87588695036654,40.61899413189839,,,,,63.747440541132455,60.725710685427806
2007-06-30,1173.371015037168,5.79,,,,,,,85.60810256027676,62.71488187032478,,,,,74.16149221530077,66.81037798008887
2007-07-31,1153.5626761029544,5.73,,,,,,,83.28347288434391,60.21895838411392,,,,,71.75121563422891,69.8867161302207
2007-08-31,1178.3223752788815,5.79,,,,,,,84.72490103377797,65.62664950093337,,,,,75.17577526735568,73.69616103896178
2007-09-30,1229.5357422929387,5.74,,,,,,,88.10001256955168,62.88461035362511,,,,,75.49231146158839,74.13976745439099
2007-10-31,1292.621995842633,5.66,,,,,,,90.99610648670185,58.08134981580664,,,,,74.53872815125425,75.06893829339943
2007-11-30,1212.7980409198312,5.44,,,,,,,84.9565744836494,40.814495422070905,,,,,62.885534952860155,70.97219152190092
2007-12-31,1207.7372080208993,5.49,,,,,,,84.01660533349494,45.92689125770657,,,,,64.97174829560075,67.46533713323838
2008-01-31,1091.8347045087787,5.33,,,,,,,70.64303977846296,32.552149676568426,,,,,51.5975947275157,59.818292658658855
2008-02-29,1041.169528821668,5.53,,,,,,,62.42402017335241,51.59707873882805,,,,,57.01054945609023,57.85996415973555
2008-03-31,1048.937791301704,5.51,,,,,,,63.19433169997042,50.26584809608323,,,,,56.730089898026826,55.11274469387757
2008-04-30,1114.4640294496328,5.55,,,,,,,73.44031612601486,54.589290745634614,,,,,64.01480343582473,59.25181426331392
2008-05-31,1160.9120635308327,5.57,,,,,,,79.41909238569022,56.0604940024766,,,,,67.73979319408342,62.82822884264499
2008-06-30,1054.3938815388974,5.68,,,,,,,61.636868265382574,66.10557181951222,,,,,63.8712200424474,65.20860555745185
2008-07-31,1059.4161869324162,5.67,,,,,,,62.009221066008976,64.82181771020817,,,,,63.41551938810857,65.00884420821312
2008-08-31,1074.671209677557,5.64,,,,,,,64.42831169722768,62.49359846654645,,,,,63.46095508188707,63.58256483748101
2008-09-30,942.9033532866796,5.65,,,,,,,35.73766034996291,63.65471246804142,,,,,49.69618640900216,58.857553626332596
2008-10-31,783.1126425460632,6.28,,,,,,,12.272519237247383,95.18937746752995,,,,,53.730948352388666,55.62936328109262
2008-11-30,704.4827662388325,6.12,,,,,,,7.43698285679978,90.21473378414196,,,,,48.825858320470864,50.750997693953884
2008-12-31,718.3558464546427,5.05,,,,,,,9.194954788276702,14.528522353640438,,,,,11.861738570958568,38.13951508127269
2009-01-31,678.7330412205675,5.05,,,,,,,7.916513672588123,15.473021671189596,,,,,11.69476767188886,24.12745485443942
2009-02-28,629.173393448972,5.27,,,,,,,6.666373305555464,29.26555979914293,,,,,17.965966552349197,13.840824265065534
2009-03-31,693.5890719457063,5.5,,,,,,,11.1079015480955,48.33281256566569,,,,,29.720357056880594,19.79369709370621
2009-04-30,775.1589482087942,5.39,,,,,,,18.52649974114593,39.06873061837739,,,,,28.79761517976166,25.49464626299714
2009-05-31,803.5844638974328,5.54,,,,,,,22.053701429130346,53.31138474290415,,,,,37.68254308601725,32.06683844088649
2009-06-30,822.5406352128582,5.61,,,,,,,24.733860549388847,60.63368880064637,,,,,42.68377467501761,36.387977646932164
2009-07-31,888.4425473619865,5.41,,,,,,,33.82030547965506,42.16823524708811,,,,,37.99427036337159,39.453529374802145
2009-08-31,905.4327767603804,5.26,,,,,,,36.20273213317681,29.47132602129045,,,,,32.83702907723363,37.83835803854094
2009-09-30,952.350070497526,5.13,,,,,,,43.6115198381846,20.823396871606644,,,,,32.21745835489562,34.34958593183361
2009-10-31,923.9679305908528,5.15,,,,,,,38.760006764290104,22.747814274121765,,,,,30.753910519205935,31.936132650445057
2009-11-30,975.3481847649604,5.19,,,,,,,47.345399566437344,26.092840566165748,,,,,36.71912006630155,33.23016298013436
2009-12-31,1020.07889660891,5.26,,,,,,,54.926925920025525,31.81685576772525,,,,,43.371890843875384,36.948307143127614
2010-01-31,964.9529287487148,5.26,,,,,,,45.29551238417754,32.01080492171528,,,,,38.65315865294641,39.581389854374436
2010-02-28,1003.4833470488124,5.35,,,,,,,51.735825041631024,39.37787954133067,,,,,45.556852291480844,42.52730059610087
2010-03-31,1074.314486418065,5.27,,,,,,,63.231435876853304,32.75363665339817,,,,,47.992536265125736,44.067515736517656
2010-04-30,1097.552368849978,5.29,,,,,,,66.35827325027164,34.49002165123689,,,,,50.42414745075426,47.99117866912027
2010-05-31,1010.8170683904148,4.96,,,,,,,51.65996206811201,13.904561486731145,,,,,32.782261777421574,43.73298183110052
2010-06-30,949.2638299470158,4.88,,,,,,,40.92676982810114,11.005936550810281,,,,,25.966353189455713,36.39092080587718
2010-07-31,1015.8282539025338,4.72,,,,,,,52.33163793295654,7.29627284012741,,,,,29.81395538654197,29.52085678447308
2010-08-31,960.5757293165444,4.49,,,,,,,42.7325615097932,4.4459083641842385,,,,,23.58923493698872,26.456514504328794
2010-09-30,1072.78849136517,4.53,,,,,,,61.739577760439666,6.08484797397823,,,,,33.91221286720895,29.105134396913204
2010-10-31,1132.352556917518,4.68,,,,,,,70.44470979313851,10.367545643015893,,,,,40.40612771807721,32.635858507424956
2010-11-30,1128.7544312545483,4.87,,,,,,,69.506913576395,17.584655547218244,,,,,43.54578456180662,39.28804171569758
2010-12-31,1192.5247545933528,5.02,,,,,,,77.28918023776829,25.170129759066,,,,,51.22965499841714,45.06052242610031
2011-01-31,1220.68635605308,5.04,,,,,,,79.76871793970979,26.63413119162964,,,,,53.20142456566971,49.32562137529782
2011-02-28,1258.2209129605044,5.22,,,,,,,82.66787573107,37.69306849968401,,,,,60.18047211537701,54.87051722648795
2011-03-31,1255.0050631628314,5.13,,,,,,,81.57684069013231,32.46019303193955,,,,,57.018516861035934,56.80013784736087
2011-04-30,1292.4794570712638,5.16,,,,,,,84.03014043656839,34.887631387685495,,,,,59.458885912126945,58.88595829617996
2011-05-31,1275.352678306039,4.96,,,,,,,81.65946553114995,24.008216342106152,,,,,52.83384093662805,56.437081236596974
2011-06-30,1249.5631890245318,4.99,,,,,,,78.3951454463613,26.214172521994872,,,,,52.30465898417808,54.865795277644345
2011-07-31,1249.3454731151226,4.93,,,,,,,77.61370215138588,23.681839073949174,,,,,50.64777061266753,51.92875684449121
2011-08-31,1178.1008079225355,4.37,,,,,,,68.82369214885415,7.010846323493941,,,,,37.91726923617404,46.95656627767321
2011-09-30,1110.3157110974655,4.09,,,,,,,59.303727741936505,4.632166824415887,,,,,31.967947283176194,40.17766237733925
2011-10-31,1229.1231017138546,3.98,,,,,,,74.2758663626635,4.8040998431379345,,,,,39.53998310290073,36.47506654075031
2011-11-30,1203.01016497816,3.87,,,,,,,70.86866201510118,5.023513302829795,,,,,37.94608765896549,36.4846726816808
2011-12-31,1199.0597571020426,3.93,,,,,,,70.04685511563623,6.937422960489088,,,,,38.49213903806266,38.659403266642954
2012-01-31,1286.8237291013843,3.85,,,,,,,79.01599170481215,7.227589389038985,,,,,43.121790546925574,39.853339081317905
2012-02-29,1357.670615046898,3.85,,,,,,,84.11869137983494,8.464112740402701,,,,,46.29140206011882,42.635110548369006
2012-03-31,1416.5504009092117,3.99,,,,,,,87.05373856120572,11.767829331904123,,,,,49.41078394655492,46.27465885119977
2012-04-30,1400.0161540316014,3.96,,,,,,,85.1553630231382,12.342378321100366,,,,,48.748870672119274,48.150352226264324
2012-05-31,1301.594035367285,3.8,,,,,,,76.87315618436845,10.856725353522446,,,,,43.86494076894545,47.34153179587321
2012-06-30,1350.3842218827865,3.64,,,,,,,80.54057798113192,9.69166949029843,,,,,45.11612373571518,45.909978392259966
2012-07-31,1360.9579330408285,3.4,,,,,,,80.74083086945619,8.023653605992367,,,,,44.38224223772428,44.45443558079496
2012-08-31,1416.3901297024538,3.48,,,,,,,84.00288590404594,10.058933497446867,,,,,47.0309097007464,45.50975855806195
2012-09-30,1437.6086760118594,3.49,,,,,,,84.68529655739195,11.263512129195409,,,,,47.974404343293685,46.46251876058812
2012-10-31,1375.3129843032814,3.47,,,,,,,80.02863127047522,12.047012186968162,,,,,46.037821728721696,47.014378590920586
2012-11-30,1388.2087553591637,3.5,,,,,,,80.46699194880657,13.549104858637184,,,,,47.00804840372187,47.00675815857907
2012-12-31,1388.0096245003722,3.65,,,,,,,79.91385711221825,17.03077367031442,,,,,48.472315391266335,47.17272850790329
2013-01-31,1438.875446693317,3.8,,,,,,,82.62445749550584,20.850138013311035,,,,,51.73729775440843,49.07255384979887
2013-02-28,1446.938055601161,3.9,,,,,,,82.26094075784542,23.82987029526264,,,,,53.04540552655403,51.08500622407626
2013-03-31,1493.833218478999,3.93,,,,,,,84.17808840379467,25.245411416131063,,,,,54.71174990996287,53.164817730308435
2013-04-30,1525.2885565216882,3.73,,,,,,,84.9827630384668,21.417629710267004,,,,,53.200196374366904,53.652450603627926
2013-05-31,1573.90154042988,3.89,,,,,,,86.47292789044536,25.79946806151497,,,,,56.13619797598017,54.68271475343664
2013-06-30,1543.89492225614,4.27,,,,,,,83.98387986026577,36.86055702461312,,,,,60.42221844243944,56.586204264262165
2013-07-31,1637.162566299031,4.34,,,,,,,87.36108554934977,39.58940443690796,,,,,63.47524499312886,60.01122047051615
2013-08-31,1616.2686029379372,4.54,,,,,,,85.41064143364584,46.663498821747744,,,,,66.0370701276968,63.31151118775502
2013-09-30,1688.0895966123646,4.64,,,,,,,87.43520954437527,50.61858020273318,,,,,69.02689487355423,66.17973666479328
2013-10-31,1763.952353462293,4.53,,,,,,,89.22990502903107,47.738592694028334,,,,,68.48424886152971,67.8494046209269
2013-11-30,1821.7406611731208,4.63,,,,,,,90.18904232034724,52.33048354191805,,,,,71.25976293113264,69.59030222207218
2013-12-31,1872.929185899149,4.62,,,,,,,90.7652686536498,52.234110252982816,,,,,71.49968945331631,70.41456708199287
2014-01-31,1831.252068643794,4.49,,,,,,,88.69463762433777,47.66708283124883,,,,,68.1808602277933,70.31343753741407
2014-02-28,1919.632880091292,4.45,,,,,,,90.71550032488281,46.63661855542441,,,,,68.67605944015361,69.45220304042107
2014-03-31,1882.5932493200849,4.38,,,,,,,88.8375635228133,44.58330415691016,,,,,66.71043383986174,67.85578450260287
2014-04-30,1868.971862390107,4.24,,,,,,,87.55517011744321,39.83296172255451,,,,,63.69406591999886,66.36018640000474
2014-05-31,1932.9718747464408,4.16,,,,,,,88.8818135361147,37.42797670407486,,,,,63.15489512009478,64.51979829331846
2014-06-30,1992.4470995782972,4.25,,,,,,,89.80340822065524,41.55708930400668,,,,,65.68024876233096,64.17640326747487
2014-07-31,1989.923451048328,4.16,,,,,,,88.76944471061272,38.55928464028699,,,,,63.66436467544985,64.16650285262519
2014-08-31,2081.9819839323354,4.08,,,,,,,90.4154642947505,35.963378469372614,,,,,63.18942138206156,64.1780116066141
2014-09-30,2054.189948629617,4.11,,,,,,,88.61824368033606,37.72320377174071,,,,,63.17072372603839,63.341503261183256
2014-10-31,1708.2685040626063,3.92,,,,,,,72.013163160605,30.891342026314312,,,,,51.45225259345966,59.27079923385319
2014-11-30,1770.0520568165707,3.92,,,,,,,75.10327802120293,31.479776790231174,,,,,53.29152740571705,55.97150124173836
2014-12-31,1742.676584113976,3.79,,,,,,,72.8079475764447,27.276026190211134,,,,,50.041986883327915,51.59525562750153
2015-01-31,1702.9855664230686,3.46,,,,99.0,,,69.64712365608973,17.775467120431138,,,,,43.71129538826044,49.01493655910179
2015-02-28,1817.6559853484675,3.61,,,,75.0,,,76.20361218485445,22.634659538902714,,,,,49.41913586187858,47.724139377822304
2015-03-31,1783.242741597632,3.64,,,,66.66666666666666,,,73.4674030413472,24.148442572571586,,,,,48.80792280695939,47.312784685699455
2015-04-30,1806.257813034195,3.52,,,,62.5,,,74.23859290125958,20.727386525933607,,,,,47.48298971359659,48.570016127478176
2015-05-31,1843.9101821715733,3.98,,,,99.0,,,75.89750562354627,39.43413751839731,,,,,57.66582157097178,51.318911363842574
2015-06-30,1805.181156517396,4.19,,,,16.666666666666664,,,72.94980249560523,50.1411912587311,,,,14.824784796018545,45.97192618345162,50.373579156006656
2015-07-31,1865.264672667524,4.15,,,,85.71428571428571,,,76.16587297275515,48.60810021175962,,,,61.782669748859256,62.185547644458005,55.27443179962713
2015-08-31,1739.7011122990273,4.04,,,,18.75,,,67.00979063979258,43.468688018225066,,,,19.114488587743352,43.197655748587,50.4517098588322
2015-09-30,1692.7890590821848,4.07,,,,83.33333333333334,,,62.674864554245104,45.32573755210093,,,,62.63323803558571,56.877946713977245,54.087050035674075
2015-10-31,1861.2590959150657,3.95,,,,95.0,,,74.83379257584869,39.90475753643379,,,,69.38364304945796,61.37406438724681,53.81655561660367
2015-11-30,1872.513803834575,4.06,,,,99.0,,,74.98346922553168,46.00835024720566,,,,70.50349182739619,63.83177043337784,60.69459384486729
2015-12-31,1840.2276754426089,3.97,,,,83.33333333333334,,,72.08228326805943,42.06298360211511,,,,58.30289545908614,57.48272077642022,60.89618519901495
2016-01-31,1712.0338426004614,4.0,,,,96.15384615384616,,,61.07144424088779,44.36561510855073,,,,67.55137549104528,57.6628116134946,59.65910094109754
2016-02-29,1689.8658004067784,3.96,,,,85.71428571428571,,,58.528362352682564,42.95260446816342,,,,58.67391057961613,53.38495913348737,56.17683050780072
2016-03-31,1804.6884425674627,3.82,,,,99.0,,,67.99368550567156,35.642652733872495,,,,68.79406400075524,57.47680074676643,56.17485716458279
2016-04-30,1767.6077442109297,3.62,,,,93.75,,,64.25699140536165,25.300793440475992,,,,63.91484124271351,51.157542029517046,54.00643396992361
2016-05-31,1828.685139138545,3.65,,,,99.0,,,68.896132484156,27.082232143125225,,,,67.60024789781252,54.526204175031246,54.386848983771564
2016-06-30,1796.3398835244873,3.5,,,,86.11111111111111,,,65.53981771940589,19.78178730227157,,,,55.811036583573056,47.04421386841683,50.909320024321694
2016-07-31,1907.6117084829216,3.28,,,,65.78947368421053,,,74.1356609639753,11.7529479983419,,,,36.571681979460536,40.82009698059258,47.46350500801355
2016-08-31,1921.0690481769489,3.32,,,,65.0,,,74.65002586065815,13.996338287657684,,,,36.27416934697433,41.64017783176339,43.16816289359093
2016-09-30,1953.596991720124,3.41,,,,99.0,,,76.75947213406168,18.352147989397764,,,,68.99031420679698,54.70064477675214,45.72030652970269
2016-10-31,1915.1334048065128,3.51,,,,99.0,,,73.21465205048887,23.692785983805564,,,,68.36287840648485,55.09010548025975,50.476976029591754
2016-11-30,1946.5601896549529,3.86,,,,99.0,,,75.3820874537857,45.58338636671287,,,,67.79453989948061,62.920004573326395,57.570251610112756
2016-12-31,1970.569966397798,4.06,,,,95.83333333333334,,,76.96558888083021,59.460933991797205,,,,64.41823900252537,66.94825395838426,61.65278800399013
2017-01-31,2054.7056734437365,3.92,,,,99.0,,,82.551326813695,49.587078293223016,,,,67.46210054026973,66.53350188239591,65.46725347136885
2017-02-28,2135.9366797080675,3.95,,,,99.0,,,86.55889128912247,51.592772608516334,,,,66.38435768368095,68.17867386043991,67.22014323374002
2017-03-31,2166.746848012624,4.01,,,,98.14814814814817,,,87.22333429057524,55.79128561411048,,,,64.34563032198604,69.12008340889058,67.94408638390878
2017-04-30,2215.5701975685406,3.87,,,,96.42857142857144,,,88.59732220794423,46.02062769988376,,,,61.393515280921875,65.33715506291662,67.54530411074903
2017-05-31,2280.060561770837,3.85,,,,99.0,,,90.4708585490839,44.55530782149443,,,,63.99244108886861,66.33953581981565,66.9322580972076
2017-06-30,2249.547461326558,3.68,,,,96.66666666666669,,,88.46779844016274,33.10876283607231,,,,60.486781930514724,60.68778106891659,64.12149065054962
2017-07-31,2326.9264557118136,3.7,,,,95.16129032258064,,,90.70367920092693,33.82191353065592,,,,57.91809071010483,60.81456114722922,62.613959345320474
2017-08-31,2361.674288065433,3.63,,,,99.0,,,90.96802373558013,29.164890735764047,,,,65.25345652161823,61.79545699765413,61.09926640459997
2017-09-30,2376.705889971573,3.63,,,,99.0,,,90.52981073261985,28.884599818618966,,,,63.92063621937998,61.11168225687293,61.24056680058542
2017-10-31,2465.872392253802,3.6,,,,99.0,,,92.39786235230831,26.837644917419677,,,,63.44432781127662,60.89327836033486,61.266805871620626
2017-11-30,2519.8730503756624,3.57,,,,99.0,,,92.89435316040272,24.98399389285499,,,,63.44432781127662,60.44089162151144,60.81528407957307
2017-12-31,2534.1758027718006,3.51,99.0,99.0,100.0,94.44444444444444,99.0,99.0,92.37175051994794,22.08117599621354,,,,51.02989330401072,55.160939940057396,58.83170330730122
2018-01-31,2729.256362545993,3.55,99.0,99.0,,98.64864864864865,99.0,99.0,95.252487752145,24.59500419364549,,,,61.48444484962569,60.44397893180539,58.68193683112474
2018-02-28,2675.0419866421703,3.82,99.0,99.0,,94.73684210526316,99.0,99.0,93.24761016456469,41.83726261399881,,,,50.54791402369631,61.87759560075327,59.16083815753868
2018-03-31,2584.226255947796,3.87,99.0,99.0,,93.5897435897436,99.0,99.0,89.93922615405118,45.48899080857347,,,,48.098567376250074,61.1755947796249,61.16572310406118
2018-04-30,2590.433365423398,3.85,99.0,99.0,,88.75,99.0,99.0,89.16361166395085,43.89145459927612,,,,36.23774680262773,56.43093768861823,59.82804268966546
2018-05-31,2718.031459280021,4.0,99.0,99.0,,92.6829268292683,99.0,99.0,91.61862159191213,54.6539871788765,,,,46.947335152035286,64.40664797427463,60.671060147505905
2018-06-30,2743.771501777342,3.96,99.0,99.0,,82.14285714285714,99.0,99.0,91.2024480619264,52.14328448443099,,,,23.09748263255477,55.48107172630405,58.77288579639895
2018-07-31,2815.631373390187,3.87,99.0,,,79.06976744186046,99.0,,91.73782300847773,46.06240603247974,,,,13.568861838323299,50.45636362642692,56.78136110900186
2018-08-31,2967.493498802328,3.88,99.0,,,81.81818181818183,99.0,,93.49360049000025,47.54733163325594,,,,10.123369702673264,50.38810060864316,52.1085119871247
2018-09-30,2954.5799827585997,3.98,99.0,,,92.22222222222224,99.0,,92.08078807436775,56.30138633746815,,,,39.99786752288752,62.793347311574465,54.545937182214836
2018-10-31,2701.47801019606,4.14,99.0,,,99.0,99.0,,84.19190701778942,69.25334532921823,,,,67.51693508025444,73.65406247575403,62.27850346532387
2018-11-30,2711.582780697632,4.22,99.0,,,93.61702127659576,99.0,,83.60208307033014,75.89112778226064,,,,46.61783013965392,68.70368033074823,68.38369670602556
2018-12-31,2461.542968880636,4.02,99.0,99.0,100.0,76.04166666666666,99.0,99.0,71.62600298475533,62.700628505537146,,,,7.4600093867313975,47.26221362567462,63.20665214405896
2019-01-31,2688.0913933208667,3.93,99.0,99.0,,95.91836734693877,99.0,99.0,81.36637979243143,55.854890676009425,,,,58.81586276577858,65.34571107807314,60.437201678165316
2019-02-28,2772.0644494308194,3.79,99.0,99.0,,99.0,99.0,99.0,83.54200850984532,43.33051075338511,,,,69.07061438272052,65.31437788198365,59.307434195243786
2019-03-31,2856.9629888478885,3.77,99.0,99.0,,99.0,99.0,99.0,85.3267272645986,42.08014983300919,,,,68.89301106712436,65.43329605491071,65.36446167165582
2019-04-30,2996.279463102802,3.69,99.0,99.0,,95.1923076923077,99.0,99.0,88.10092554231304,34.86232477264319,,,,56.2918392986458,59.75169653786734,63.49979015825389
2019-05-31,2756.187906760138,3.67,99.0,99.0,,94.33962264150944,99.0,99.0,79.60742813146234,33.55174516328265,,,,53.98861001232243,55.71592776902248,60.300306787266834
2019-06-30,2965.190783555962,3.42,99.0,99.0,,87.96296296296296,99.0,99.0,85.58554450685268,15.46872039471955,,,,32.74855021863786,44.60093837340336,53.356187560097716
2019-07-31,3026.045424906501,3.29,99.0,,,98.1818181818182,99.0,,86.21058406116234,10.475722419223475,,,,67.85229583415313,54.846200771512976,51.72102230464626
2019-08-31,2957.076422335662,2.98,99.0,,,81.25,99.0,,83.28452026989265,4.262747484699487,,,,17.757132722154733,35.10146682558229,44.84953532349954
2019-09-30,2979.7625869570998,3.03,99.0,,,99.0,99.0,,83.04671831732057,6.292825835259882,,,,71.8076446374318,53.715729596670755,47.88779906458867
2019-10-31,3089.559542496169,3.01,99.0,,,98.27586206896552,99.0,,85.24463301330599,7.131312043765195,,,,69.88293776003907,54.08629427237008,47.63449689820769
2019-11-30,3219.1950065672136,3.06,99.0,,,99.0,99.0,,87.40909813455903,9.568798242295037,,,,71.96652073133416,56.3148057027294,54.70560985725674
2019-12-31,3333.2098508921604,3.01,99.0,99.0,100.0,87.5,99.0,99.0,88.77954597652109,9.425424774043538,,,,35.02722559593731,44.41073211550065,51.60394403020003
2020-01-31,3403.754494216613,2.94,99.0,99.0,,95.90163934426228,99.0,99.0,89.11266286842246,8.693981380247987,,,,63.877849197385174,53.894831148685206,51.540122988971746
2020-02-29,3187.648475316818,2.78,99.0,99.0,,99.0,99.0,99.0,83.22678105238401,6.745422292931023,,,,72.37067339732364,54.114292247546224,50.80661850391069
2020-03-31,2887.535483357452,3.02,99.0,99.0,,68.25396825396825,99.0,99.0,72.56806501089001,13.53047279899395,,,,6.8649692821225115,30.987835697335488,46.33231969785563
2020-04-30,3321.991612443744,2.43,99.0,99.0,,73.4375,99.0,99.0,85.34878603960784,4.153489741426721,,,,14.2517224461395,34.584666075724684,39.89559800686879
2020-05-31,3529.6397391309088,2.5,99.0,99.0,,78.46153846153847,99.0,99.0,88.69126602466608,6.167172076023088,,,,23.828731529144203,39.56238987661112,35.04496388322375
2020-06-30,3729.273112027764,2.44,99.0,99.0,,71.96969696969697,99.0,99.0,90.88643978927928,6.549520478468524,,,,15.560025021802899,37.66532842985023,37.270794794062
2020-07-31,3991.3003449922426,2.14,99.0,,,61.19402985074627,99.0,,93.00015409300734,4.615042637167403,,,,8.61549746929068,35.41023139982181,37.54598323542771
2020-08-31,4395.963071766275,2.25,99.0,,,65.44117647058823,99.0,,95.29446524711922,6.962005303399707,,,,14.162957815996148,38.80647612217169,37.294011983947904
2020-09-30,4165.822207141534,2.31,99.0,,,90.57971014492752,99.0,,92.18822364695092,8.938072778121558,,,,55.539391217138146,52.221895880736874,42.14620113424345
2020-10-31,4049.672756330828,2.35,99.0,,,55.71428571428572,99.0,,89.67098081643579,10.723468784847787,,,,10.023703807013662,36.80605113609907,42.6114743796692
2020-11-30,4516.864953929702,2.3,99.0,,,52.11267605633802,99.0,,93.49759063951623,10.970194329838208,,,,10.920414377013362,38.46273311545593,42.49689337743062
2020-12-31,4754.326896580638,2.26,99.0,99.0,100.0,47.22222222222222,99.0,99.0,94.13306639600863,11.399314817061244,,,,10.860127080255504,38.79750276444179,38.02209567199892
2021-01-31,4790.189311990051,2.45,99.0,99.0,,46.57534246575342,99.0,99.0,93.27686664285861,16.11854816601472,,,,13.262895388745122,40.88610339920615,39.38211309303461
2021-02-28,4811.69258879147,2.7,99.0,99.0,,59.45945945945946,99.0,99.0,92.36012519932153,23.492997414488737,,,,25.34317435129579,47.06543232170202,42.249679495116645
2021-03-31,4869.517197901769,3.04,99.0,99.0,,56.66666666666666,99.0,99.0,91.7452825187241,35.87168486340484,,,,24.376242486856896,50.66440328966194,46.205313003523365
2021-04-30,5136.900350214307,2.9,99.0,99.0,,51.97368421052632,99.0,99.0,92.77365798887053,31.090850781326484,,,,21.978588637069983,48.614365802422334,48.78140047126209
2021-05-31,5073.233734145198,2.96,99.0,99.0,,57.14285714285714,99.0,99.0,91.1610160857736,33.77844903547422,,,,28.64357744450894,51.194347521918914,50.15770553800106
2021-06-30,5362.504646110205,2.79,99.0,99.0,,63.46153846153846,99.0,99.0,92.34020991889949,28.200912767185116,,,,37.17909515921411,52.5734059484329,50.79403975759137
2021-07-31,5463.5748596023805,2.57,99.0,,,50.63291139240506,99.0,,91.94195390719217,21.977951679183665,,,,24.58515159338153,46.16835239325245,49.97870195453475
2021-08-31,5675.178029427029,2.55,99.0,,,43.125,99.0,,92.28190758307652,22.07683217238205,,,,19.982230565954335,44.780323440470966,47.84069392738542
2021-09-30,5360.830644258634,2.53,99.0,,,64.19753086419753,99.0,,88.69512135685915,22.22065163288687,,,,44.46734286759552,51.79437195244718,47.581015928723524
2021-10-31,5767.734758016801,2.68,99.0,,,75.60975609756098,99.0,,90.99224371827013,27.26767994257863,,,,61.99602917940014,60.0853176134163,52.220004335444806
2021-11-30,5802.020490090206,2.62,99.0,,,81.32530120481928,99.0,,90.17479985610343,26.081325967457236,,,,71.65274938555213,62.63629173637093,58.171993767411465
2021-12-31,5873.031781642908,2.65,99.0,99.0,100.0,58.92857142857143,99.0,99.0,89.67101903101305,27.65133442617614,,,,39.7039187395117,52.34209073223363,58.35456669400694
2022-01-31,5378.670001441237,2.93,99.0,99.0,,99.0,99.0,99.0,83.96755937611525,38.01273236275052,,,,89.49650313213134,70.49226495699904,61.82354914186786
2022-02-28,5161.072217304131,3.25,99.0,99.0,,99.0,99.0,99.0,80.43427284125463,51.22995225458891,,,,89.49650313213134,73.72024274265829,65.51819947729697
2022-03-31,5353.13798983467,3.43,99.0,99.0,,99.0,99.0,99.0,82.09050169610663,59.03038341416816,,,,86.85270771760005,75.99119760929162,73.40123510298297
2022-04-30,4664.206059164366,3.76,99.0,99.0,,99.0,99.0,99.0,71.03119190991141,71.50030988562236,,,,84.6402618217081,75.72392120574729,75.14512051923238
2022-05-31,4590.624854656624,4.13,99.0,99.0,,97.75280898876404,99.0,99.0,69.09771048087869,81.95989831633592,,,,82.05708200783717,77.70489693501726,76.47333858335205
2022-06-30,4185.919525912493,4.24,99.0,99.0,,97.2222222222222,99.0,99.0,60.53544911689055,83.86848098972251,,,,79.82625304647763,74.74339438436357,76.05740417504269
2022-07-31,4686.069384414192,4.06,99.0,,,94.5054945054945,99.0,,69.86947388305398,79.137427979485,,,,75.76967687156859,74.92552624470252,75.79127252136111
2022-08-31,4456.607273203434,4.07,99.0,,,94.56521739130434,99.0,,64.83346078346312,78.95038677138606,,,,74.22871666988044,72.67085474157653,74.11325845688087
2022-09-30,3994.817692736612,4.59,99.0,,,96.7741935483871,99.0,,54.35170726987172,88.58820005564712,,,,75.69330834653788,72.87773855735225,73.49137318121042
2022-10-31,4176.5402518549945,5.1,99.0,,,96.27659574468083,99.0,,57.88404271128373,93.25923026118934,,,,73.55753462633686,74.90026919960331,73.48295416617735
2022-11-30,4386.443066563968,4.9,99.0,,,99.0,99.0,,61.96856783287463,90.12436742934001,,,,74.21551088138442,75.43614871453302,74.40471882382951
2022-12-31,4013.201459172495,4.43,99.0,99.0,100.0,99.0,99.0,99.0,52.96288787891825,81.9254424303872,,,,72.652069738885,69.18013334939681,73.17218375451104
2023-01-31,4416.197820089531,4.4,99.0,99.0,,99.0,99.0,99.0,61.70450619804528,80.64378134860348,,,,71.19621053739237,71.18149936134704,71.93259380842561
2023-02-28,4370.434138962053,4.56,99.0,99.0,,99.0,99.0,99.0,60.12930499991918,83.11290120821337,,,,69.66792290128183,70.97004303647145,70.44389191573843
2023-03-31,4700.007192614443,4.6,99.0,99.0,,99.0,99.0,99.0,66.86201786643022,83.20553244846856,,,,68.18917159319369,72.75224063603082,71.63459434461642
2023-04-30,4718.278007473681,4.47,99.0,99.0,,99.0,99.0,99.0,66.67189670346363,80.2321888959345,,,,66.79017736245231,71.23142098728349,71.65123488659525
2023-05-31,4998.533781602078,4.67,99.0,99.0,,99.0,99.0,99.0,71.87655768239813,83.3663111524324,,,,65.3613750706978,73.53474796850944,72.5061365306079
2023-06-30,5325.255692036537,4.65,99.0,99.0,,99.0,99.0,99.0,77.24006466311518,82.44712220723778,,,,63.92937130670118,74.5388527256847,73.10167389382586
2023-07-31,5531.7542804233135,4.66,99.0,,,98.05825242718448,99.0,,79.87818406533816,82.00599946605503,,,,61.208257652004995,74.36414706113273,74.14591591844227
2023-08-31,5424.970558979921,4.95,99.0,,,95.67307692307692,99.0,,77.39032672030461,85.78175081124509,,,,55.237090013366675,72.80305584830546,73.90201854504096
2023-09-30,5136.964975382219,5.13,99.0,,,98.09523809523807,99.0,,71.3918258896829,87.3071872934875,,,,58.81056306963919,72.50319208426987,73.22346499790268
2023-10-31,5013.7519543954895,5.61,99.0,,,98.1132075471698,99.0,,68.24020778344682,91.22546645033015,,,,57.11550123619518,72.19372515665738,72.49999102974424
2023-11-30,5544.565147577259,5.28,99.0,,,98.13084112149532,99.0,,77.95480859996302,87.11588629257983,,,,55.517031771309576,73.52924222128414,72.74205315407046
2023-12-31,5845.590020507255,4.74,99.0,99.0,100.0,93.98148148148148,99.0,99.0,82.17808088430395,78.74563169441669,,,,8.877251658706287,56.60032141247564,67.44109626347237
2024-01-31,5927.421863308335,4.87,99.0,99.0,,97.24770642201835,99.0,99.0,82.69829681196896,80.33625483234249,,,,42.69790299235354,68.57748487888833,66.23568283754936
2024-02-29,6259.262659113855,5.03,99.0,99.0,,99.0,99.0,99.0,86.28398490563231,82.06997415177236,,,,68.7017365173921,79.01856519159892,68.06545716098762
2024-03-31,6360.2522133395305,5.01,50.0,25.0,100.0,99.0,50.0,25.0,86.65059897694782,81.05382851129399,1.798620996209156,1.798620996209156,,68.7017365173921,48.00068119961045,65.19891042336589
2024-04-30,6075.859801313178,5.28,50.0,25.0,,98.21428571428572,50.0,25.0,82.1838460538805,83.9600003632615,3.744228707139139,1.798620996209156,,58.07320141626524,45.951979507351105,57.65707529952015
2024-05-31,6451.803871221319,5.25,50.0,25.0,,99.0,50.0,25.0,86.43342730118728,82.72846498623413,6.978185886556589,3.6606499362023857,,68.41456106399183,49.64305783483444,47.86523951393199
2024-06-30,6820.386356099038,5.13,50.0,25.0,,97.80701754385966,50.0,25.0,89.3979490382216,80.24247625892804,10.074377529374596,5.792876890603983,,50.59483714818991,47.22050337306363,47.60518023841638
2024-07-31,6757.368946912202,5.12,50.0,25.0,,93.04347826086956,50.0,25.0,87.93464249988622,79.30629821442903,12.917025594960988,7.906251336584597,,6.689610224454771,38.95076557406313,45.27144226065372
2024-08-31,6831.892250360684,4.87,50.0,25.0,,93.53448275862068,50.0,25.0,87.91365655089314,74.59874654774367,15.504309758627011,9.932092262416413,,9.788222901818752,39.54740560429979,41.9062248504755
2024-09-30,7003.39441274359,4.68,50.0,25.0,,99.0,50.0,25.0,88.80495354120596,70.590267277376,17.864194884626354,11.847698064492574,,66.03799806370604,51.02902236628139,43.175731181548095
2024-10-31,6948.613651753496,4.95,50.0,,,99.0,50.0,,87.46972042485575,74.73786940310923,20.02972936427332,,,64.74612413762114,61.74586083246486,50.774096267682005
2024-11-30,7349.610859216952,5.14,50.0,,,99.0,50.0,,90.26186538024493,77.09316145080113,22.031827707873724,,,64.74612413762114,63.53324466913523,58.76937595596048
2024-12-31,7348.541489765308,5.2,50.0,,,99.0,50.0,,89.33207185792281,77.27117394569657,23.89757107250639,,,64.74612413762114,63.81173525343673,63.030280251678924
2025-01-31,7507.818297356396,5.46,50.0,,,99.0,50.0,,89.73745353588231,80.22601412589093,25.650279868073355,,,64.74612413762114,65.08996791686694,64.1449826131463
2025-02-28,7279.266352628704,5.32,50.0,,,99.0,50.0,,86.87368484110569,77.44801211018904,27.310116680910685,,,64.74612413762114,64.09448444245665,64.33206253758676
2025-03-31,6723.619635608469,5.29,50.0,,,99.0,50.0,,79.43808788865722,76.25586116323456,28.894807909131003,,,64.74612413762114,62.333720274660976,63.839390877994845
2025-04-30,6791.466488099242,5.45,,,,99.0,,,79.92188045092799,77.95797438050589,,,,64.74612413762114,74.20865965635167,66.87895479115643
2025-05-31,7389.846171584513,5.54,,,,99.0,,,86.86706085328767,78.53841322618766,,,,64.74612413762114,76.71719940569882,71.08652644557048
2025-06-30,7858.296112011022,5.46,,,,99.0,,,90.25441977784489,76.6696428514247,,,,64.74612413762114,77.22339558896357,76.049751550338
2025-07-31,8079.789265841566,5.45,,,,99.0,,,90.88398828526202,75.93488830843283,,,,64.161410671043,76.99342908824595,76.97800802763611
2025-08-31,8178.346722951695,5.35,,,,99.0,,,90.46513995821915,73.71235622223375,,,,62.77006607194542,75.6491874174661,76.62200403155852
2025-09-30,8612.402847989702,5.21,,,,99.0,,,92.16112719434635,70.6471386112503,,,,62.218512368358994,75.0089260579852,75.8838475212324
2025-10-31,8990.557695904841,5.13,,,,99.0,,,93.06061302914719,68.55226568195611,,,,61.68485751457501,74.43257874189277,75.03023073911469
2025-11-30,8700.623436486685,,,,,97.70992366412212,,,90.2448606000501,,,,,44.65095576804948,67.4479081840498,72.29647099464258
