date,Infra,Infra_Util_CapUtil_idx,Infra_Util_CapUtil_raw,Infra_Macro
1980-01-31,100.0,100.0,83.303,100.0
1980-02-29,103.287276568671,103.287276568671,86.0414,103.287276568671
1980-03-31,105.61720466249716,105.61720466249716,87.9823,105.61720466249716
1980-04-30,103.15486837208745,103.15486837208745,85.9311,103.15486837208745
1980-05-31,100.68472924144389,100.68472924144389,83.8734,100.68472924144389
1980-06-30,99.8983229895682,99.8983229895682,83.2183,99.8983229895682
1980-07-31,103.53888815528853,103.53888815528853,86.251,103.53888815528853
1980-08-31,104.75973254264552,104.75973254264552,87.268,104.75973254264552
1980-09-30,105.29584768855864,105.29584768855864,87.7146,105.29584768855864
1980-10-31,103.14946640577169,103.14946640577169,85.9266,103.14946640577169
1980-11-30,102.15118303062314,102.15118303062314,85.095,102.15118303062314
1980-12-31,102.9708413862646,102.9708413862646,85.7778,102.9708413862646
1981-01-31,103.28655630649557,103.28655630649557,86.0408,103.28655630649557
1981-02-28,101.99608657551349,101.99608657551349,84.9658,101.99608657551349
1981-03-31,101.81109924012341,101.81109924012341,84.8117,101.81109924012341
1981-04-30,102.3738640865275,102.3738640865275,85.2805,102.3738640865275
1981-05-31,102.11096839249487,102.11096839249487,85.0615,102.11096839249487
1981-06-30,104.85144592631717,104.85144592631717,87.3444,104.85144592631717
1981-07-31,103.96864458662954,103.96864458662954,86.609,103.96864458662954
1981-08-31,101.20043695905309,101.20043695905309,84.303,101.20043695905309
1981-09-30,99.33603831794773,99.33603831794773,82.7499,99.33603831794773
1981-10-31,99.7872825708558,99.7872825708558,83.1258,99.7872825708558
1981-11-30,99.62114209572283,99.62114209572283,82.9874,99.62114209572283
1981-12-31,100.71353972846117,100.71353972846117,83.8974,100.71353972846117
1982-01-31,100.90188828733659,100.90188828733659,84.0543,100.90188828733659
1982-02-28,98.68564157353276,98.68564157353276,82.2081,98.68564157353276
1982-03-31,98.63978488169694,98.63978488169694,82.1699,98.63978488169694
1982-04-30,98.97734775458267,98.97734775458267,82.4511,98.97734775458267
1982-05-31,97.5466669867832,97.5466669867832,81.2593,97.5466669867832
1982-06-30,96.41573532765926,96.41573532765926,80.3172,96.41573532765926
1982-07-31,95.43125697753983,95.43125697753983,79.4971,95.43125697753983
1982-08-31,93.90406107823249,93.90406107823249,78.2249,93.90406107823249
1982-09-30,93.58894637648105,93.58894637648105,77.9624,93.58894637648105
1982-10-31,93.92290793848962,93.92290793848962,78.2406,93.92290793848962
1982-11-30,94.90618585165002,94.90618585165002,79.0597,94.90618585165002
1982-12-31,93.336734571384,93.336734571384,77.7523,93.336734571384
1983-01-31,91.8606772865323,91.8606772865323,76.5227,91.8606772865323
1983-02-28,92.63603951838469,92.63603951838469,77.1686,92.63603951838469
1983-03-31,94.02890652197401,94.02890652197401,78.3289,94.02890652197401
1983-04-30,96.13195203053911,96.13195203053911,80.0808,96.13195203053911
1983-05-31,93.99421389385736,93.99421389385736,78.3,93.99421389385736
1983-06-30,94.46514531289391,94.46514531289391,78.6923,94.46514531289391
1983-07-31,97.82012652605549,97.82012652605549,81.4871,97.82012652605549
1983-08-31,101.57197219788003,101.57197219788003,84.6125,101.57197219788003
1983-09-30,101.05950566006025,101.05950566006025,84.1856,101.05950566006025
1983-10-31,98.4263471903773,98.4263471903773,81.9921,98.4263471903773
1983-11-30,98.19922451772445,98.19922451772445,81.8029,98.19922451772445
1983-12-31,100.67080417271887,100.67080417271887,83.8618,100.67080417271887
1984-01-31,101.2503751365497,101.2503751365497,84.3446,101.2503751365497
1984-02-29,99.11539800487378,99.11539800487378,82.5661,99.11539800487378
1984-03-31,101.58973866487402,101.58973866487402,84.6273,101.58973866487402
1984-04-30,99.50770080309232,99.50770080309232,82.8929,99.50770080309232
1984-05-31,100.55112060790128,100.55112060790128,83.7621,100.55112060790128
1984-06-30,100.33108051330686,100.33108051330686,83.5788,100.33108051330686
1984-07-31,97.71160702495708,97.71160702495708,81.3967,97.71160702495708
1984-08-31,98.89055616244313,98.89055616244313,82.3788,98.89055616244313
1984-09-30,97.57979904685307,97.57979904685307,81.2869,97.57979904685307
1984-10-31,98.02252019735184,98.02252019735184,81.6557,98.02252019735184
1984-11-30,99.01132012052388,99.01132012052388,82.4794,99.01132012052388
1984-12-31,97.02591743394596,97.02591743394596,80.8255,97.02591743394596
1985-01-31,101.79141207399493,101.79141207399493,84.7953,101.79141207399493
1985-02-28,102.78429348282776,102.78429348282776,85.6224,102.78429348282776
1985-03-31,99.21275344225297,99.21275344225297,82.6472,99.21275344225297
1985-04-30,100.09555478194063,100.09555478194063,83.3826,100.09555478194063
1985-05-31,100.6079012760645,100.6079012760645,83.8094,100.6079012760645
1985-06-30,98.48540868876272,98.48540868876272,82.0413,98.48540868876272
1985-07-31,98.11507388689483,98.11507388689483,81.7328,98.11507388689483
1985-08-31,97.91412073994934,97.91412073994934,81.5654,97.91412073994934
1985-09-30,100.17322305319136,100.17322305319136,83.4473,100.17322305319136
1985-10-31,99.33039626424018,99.33039626424018,82.7452,99.33039626424018
1985-11-30,99.47336830606342,99.47336830606342,82.8643,99.47336830606342
1985-12-31,102.37230351848072,102.37230351848072,85.2792,102.37230351848072
1986-01-31,99.8687922403755,99.8687922403755,83.1937,99.8687922403755
1986-02-28,98.87555070045497,98.87555070045497,82.3663,98.87555070045497
1986-03-31,97.54846764222178,97.54846764222178,81.2608,97.54846764222178
1986-04-30,98.76138914564902,98.76138914564902,82.2712,98.76138914564902
1986-05-31,99.27421581455651,99.27421581455651,82.6984,99.27421581455651
1986-06-30,99.57204422409758,99.57204422409758,82.9465,99.57204422409758
1986-07-31,101.69357646183212,101.69357646183212,84.7138,101.69357646183212
1986-08-31,98.99715496440706,98.99715496440706,82.4676,98.99715496440706
1986-09-30,99.75186968056373,99.75186968056373,83.0963,99.75186968056373
1986-10-31,101.00536595320698,101.00536595320698,84.1405,101.00536595320698
1986-11-30,100.32507832851158,100.32507832851158,83.5738,100.32507832851158
1986-12-31,101.14413646567351,101.14413646567351,84.2561,101.14413646567351
1987-01-31,99.46520533474185,99.46520533474185,82.8575,99.46520533474185
1987-02-28,100.19891240411509,100.19891240411509,83.4687,100.19891240411509
1987-03-31,101.17834891900652,101.17834891900652,84.2846,101.17834891900652
1987-04-30,102.02489706253077,102.02489706253077,84.9898,102.02489706253077
1987-05-31,103.66037237554471,103.66037237554471,86.3522,103.66037237554471
1987-06-30,104.3970805373156,104.3970805373156,86.9659,104.3970805373156
1987-07-31,104.20248970625308,104.20248970625308,86.8038,104.20248970625308
1987-08-31,105.50400345725845,105.50400345725845,87.888,105.50400345725845
1987-09-30,102.77589042411437,102.77589042411437,85.6154,102.77589042411437
1987-10-31,102.6924600554602,102.6924600554602,85.5459,102.6924600554602
1987-11-30,103.30468290457726,103.30468290457726,86.0559,103.30468290457726
1987-12-31,103.10541036937447,103.10541036937447,85.8899,103.10541036937447
1988-01-31,105.51528756467354,105.51528756467354,87.8974,105.51528756467354
1988-02-29,107.55651056984743,107.55651056984743,89.5978,107.55651056984743
1988-03-31,107.11510990000359,107.11510990000359,89.2301,107.11510990000359
1988-04-30,106.13519321032857,106.13519321032857,88.4138,106.13519321032857
1988-05-31,104.6393287156525,104.6393287156525,87.1677,104.6393287156525
1988-06-30,106.4255789107235,106.4255789107235,88.6557,106.4255789107235
1988-07-31,107.46851854074883,107.46851854074883,89.5245,107.46851854074883
1988-08-31,111.18459119119359,111.18459119119359,92.6201,111.18459119119359
1988-09-30,105.6906714043912,105.6906714043912,88.0435,105.6906714043912
1988-10-31,105.48047489286098,105.48047489286098,87.8684,105.48047489286098
1988-11-30,104.83031823583786,104.83031823583786,87.3268,104.83031823583786
1988-12-31,105.57374884457944,105.57374884457944,87.9461,105.57374884457944
1989-01-31,102.18767631417836,102.18767631417836,85.1254,102.18767631417836
1989-02-28,106.27276328583606,106.27276328583606,88.5284,106.27276328583606
1989-03-31,108.34831878803885,108.34831878803885,90.2574,108.34831878803885
1989-04-30,105.32273747644143,105.32273747644143,87.737,105.32273747644143
1989-05-31,105.59427631657925,105.59427631657925,87.9632,105.59427631657925
1989-06-30,105.37495648416024,105.37495648416024,87.7805,105.37495648416024
1989-07-31,105.7516536019111,105.7516536019111,88.0943,105.7516536019111
1989-08-31,107.22362940110199,107.22362940110199,89.3205,107.22362940110199
1989-09-30,105.04939798086504,105.04939798086504,87.5093,105.04939798086504
1989-10-31,106.44430572728474,106.44430572728474,88.6713,106.44430572728474
1989-11-30,107.33346938285537,107.33346938285537,89.412,107.33346938285537
1989-12-31,113.72711667046806,113.72711667046806,94.7381,113.72711667046806
1990-01-31,106.86013708990075,106.86013708990075,89.0177,106.86013708990075
1990-02-28,106.27720490258454,106.27720490258454,88.5321,106.27720490258454
1990-03-31,107.02051546763023,107.02051546763023,89.1513,107.02051546763023
1990-04-30,106.68739421149299,106.68739421149299,88.8738,106.68739421149299
1990-05-31,106.96913676578275,106.96913676578275,89.1085,106.96913676578275
1990-06-30,107.55062842874807,107.55062842874807,89.5929,107.55062842874807
1990-07-31,107.3385112180834,107.3385112180834,89.4162,107.3385112180834
1990-08-31,108.2337971021452,108.2337971021452,90.162,108.2337971021452
1990-09-30,109.60253532285753,109.60253532285753,91.3022,109.60253532285753
1990-10-31,108.0512106406732,108.0512106406732,90.0099,108.0512106406732
1990-11-30,105.76701919498699,105.76701919498699,88.1071,105.76701919498699
1990-12-31,105.96605164279799,105.96605164279799,88.2729,105.96605164279799
1991-01-31,107.04212333289318,107.04212333289318,89.1693,107.04212333289318
1991-02-28,105.29644790703819,105.29644790703819,87.7151,105.29644790703819
1991-03-31,106.22762685617563,106.22762685617563,88.4908,106.22762685617563
1991-04-30,106.41117366721487,106.41117366721487,88.6437,106.41117366721487
1991-05-31,111.26081893809348,111.26081893809348,92.6836,111.26081893809348
1991-06-30,111.46381282786935,111.46381282786935,92.8527,111.46381282786935
1991-07-31,109.4732482623675,109.4732482623675,91.1945,109.4732482623675
1991-08-31,108.7289773477546,108.7289773477546,90.5745,108.7289773477546
1991-09-30,108.04112697021715,108.04112697021715,90.0015,108.04112697021715
1991-10-31,107.74437895393925,107.74437895393925,89.7543,107.74437895393925
1991-11-30,107.82096683192684,107.82096683192684,89.8181,107.82096683192684
1991-12-31,105.59247566114065,105.59247566114065,87.9617,105.59247566114065
1992-01-31,105.28864506680434,105.28864506680434,87.7086,105.28864506680434
1992-02-29,106.011668247242,106.011668247242,88.3109,106.011668247242
1992-03-31,105.2947672952955,105.2947672952955,87.7137,105.2947672952955
1992-04-30,107.18833655450584,107.18833655450584,89.2911,107.18833655450584
1992-05-31,105.4889979952703,105.4889979952703,87.8755,105.4889979952703
1992-06-30,103.66553425446862,103.66553425446862,86.3565,103.66553425446862
1992-07-31,104.19588730297829,104.19588730297829,86.7983,104.19588730297829
1992-08-31,103.78029602775412,103.78029602775412,86.4521,103.78029602775412
1992-09-30,105.61840509945621,105.61840509945621,87.9833,105.61840509945621
1992-10-31,107.48388413382473,107.48388413382473,89.5373,107.48388413382473
1992-11-30,108.22839513582944,108.22839513582944,90.1575,108.22839513582944
1992-12-31,109.65331380622547,109.65331380622547,91.3445,109.65331380622547
1993-01-31,106.19377453393035,106.19377453393035,88.4626,106.19377453393035
1993-02-28,108.5119383455578,108.5119383455578,90.3937,108.5119383455578
1993-03-31,108.61973758448076,108.61973758448076,90.4835,108.61973758448076
1993-04-30,107.90739829297866,107.90739829297866,89.8901,107.90739829297866
1993-05-31,106.25547699362568,106.25547699362568,88.514,106.25547699362568
1993-06-30,107.45267277288934,107.45267277288934,89.5113,107.45267277288934
1993-07-31,109.08442673133021,109.08442673133021,90.8706,109.08442673133021
1993-08-31,109.68848660912573,109.68848660912573,91.3738,109.68848660912573
1993-09-30,107.65638692484065,107.65638692484065,89.681,107.65638692484065
1993-10-31,106.14191565729925,106.14191565729925,88.4194,106.14191565729925
1993-11-30,107.10382579258851,107.10382579258851,89.2207,107.10382579258851
1993-12-31,107.72913340455928,107.72913340455928,89.7416,107.72913340455928
1994-01-31,109.86663145384921,109.86663145384921,91.5222,109.86663145384921
1994-02-28,108.33079240843668,108.33079240843668,90.2428,108.33079240843668
1994-03-31,107.32818746023554,107.32818746023554,89.4076,107.32818746023554
1994-04-30,107.32878767871506,107.32878767871506,89.4081,107.32878767871506
1994-05-31,106.05680467690239,106.05680467690239,88.3485,106.05680467690239
1994-06-30,110.36049121880365,110.36049121880365,91.9336,110.36049121880365
1994-07-31,107.97678354921192,107.97678354921192,89.9479,107.97678354921192
1994-08-31,106.65174123380912,106.65174123380912,88.8441,106.65174123380912
1994-09-30,106.81464052915261,106.81464052915261,88.9798,106.81464052915261
1994-10-31,107.46911875922838,107.46911875922838,89.525,107.46911875922838
1994-11-30,107.39901324081967,107.39901324081967,89.4666,107.39901324081967
1994-12-31,106.9226798554674,106.9226798554674,89.0698,106.9226798554674
1995-01-31,107.18701607385088,107.18701607385088,89.29,107.18701607385088
1995-02-28,107.57895874098173,107.57895874098173,89.6165,107.57895874098173
1995-03-31,107.66022832310962,107.66022832310962,89.6842,107.66022832310962
1995-04-30,108.41614347622534,108.41614347622534,90.3139,108.41614347622534
1995-05-31,109.20399025245192,109.20399025245192,90.9702,109.20399025245192
1995-06-30,108.89343721114486,108.89343721114486,90.7115,108.89343721114486
1995-07-31,109.64779179621382,109.64779179621382,91.3399,109.64779179621382
1995-08-31,114.95192249978992,114.95192249978992,95.7584,114.95192249978992
1995-09-30,109.18982509633506,109.18982509633506,90.9584,109.18982509633506
1995-10-31,110.02893053071318,110.02893053071318,91.6574,110.02893053071318
1995-11-30,109.47192778171255,109.47192778171255,91.1934,109.47192778171255
1995-12-31,110.04669699770717,110.04669699770717,91.6722,110.04669699770717
1996-01-31,111.28542789575407,111.28542789575407,92.7041,111.28542789575407
1996-02-29,112.48370406828086,112.48370406828086,93.7023,112.48370406828086
1996-03-31,112.07075375436659,112.07075375436659,93.3583,112.07075375436659
1996-04-30,110.94762493547651,110.94762493547651,92.4227,110.94762493547651
1996-05-31,112.4827437187136,112.4827437187136,93.7015,112.4827437187136
1996-06-30,111.33968764630326,111.33968764630326,92.7493,111.33968764630326
1996-07-31,107.56179249246726,107.56179249246726,89.6022,107.56179249246726
1996-08-31,108.86006506368318,108.86006506368318,90.6837,108.86006506368318
1996-09-30,107.85878059613698,107.85878059613698,89.8496,107.85878059613698
1996-10-31,108.87819166176489,108.87819166176489,90.6988,108.87819166176489
1996-11-30,110.2983085843247,110.2983085843247,91.8818,110.2983085843247
1996-12-31,109.46448507256643,109.46448507256643,91.1872,109.46448507256643
1997-01-31,110.89348522862323,110.89348522862323,92.3776,110.89348522862323
1997-02-28,109.57300457366483,109.57300457366483,91.2776,109.57300457366483
1997-03-31,107.92384427931768,107.92384427931768,89.9038,107.92384427931768
1997-04-30,109.7465877579439,109.7465877579439,91.4222,109.7465877579439
1997-05-31,106.36963854843162,106.36963854843162,88.6091,106.36963854843162
1997-06-30,107.19301825864616,107.19301825864616,89.295,107.19301825864616
1997-07-31,110.1962714428052,110.1962714428052,91.7968,110.1962714428052
1997-08-31,110.03889415747332,110.03889415747332,91.6657,110.03889415747332
1997-09-30,111.6119467486165,111.6119467486165,92.9761,111.6119467486165
1997-10-31,113.61679651393106,113.61679651393106,94.6462,113.61679651393106
1997-11-30,112.58466081653722,112.58466081653722,93.7864,112.58466081653722
1997-12-31,112.63207807641982,112.63207807641982,93.8259,112.63207807641982
1998-01-31,109.16677670672127,109.16677670672127,90.9392,109.16677670672127
1998-02-28,110.51978920327,110.51978920327,92.0663,110.51978920327
1998-03-31,113.75640733226895,113.75640733226895,94.7625,113.75640733226895
1998-04-30,112.79521745915513,112.79521745915513,93.9618,112.79521745915513
1998-05-31,115.71131892008692,115.71131892008692,96.391,115.71131892008692
1998-06-30,117.13635763417885,117.13635763417885,97.5781,117.13635763417885
1998-07-31,116.53445854290962,116.53445854290962,97.0767,116.53445854290962
1998-08-31,116.12955115662102,116.12955115662102,96.7394,116.12955115662102
1998-09-30,118.99751509549476,118.99751509549476,99.1285,118.99751509549476
1998-10-31,118.23619797606328,118.23619797606328,98.4943,118.23619797606328
1998-11-30,114.6981501266461,114.6981501266461,95.547,114.6981501266461
1998-12-31,115.01830666362555,115.01830666362555,95.8137,115.01830666362555
1999-01-31,116.09329796045759,116.09329796045759,96.7092,116.09329796045759
1999-02-28,114.84196247434066,114.84196247434066,95.6668,114.84196247434066
1999-03-31,117.73453537087502,117.73453537087502,98.0764,117.73453537087502
1999-04-30,116.66782708906042,116.66782708906042,97.1878,116.66782708906042
1999-05-31,115.68358882633281,115.68358882633281,96.3679,115.68358882633281
1999-06-30,117.23491350851711,117.23491350851711,97.6602,117.23491350851711
1999-07-31,120.10443801543762,120.10443801543762,100.0506,120.10443801543762
1999-08-31,118.04376793152709,118.04376793152709,98.334,118.04376793152709
1999-09-30,116.63841638356362,116.63841638356362,97.1633,116.63841638356362
1999-10-31,115.75981657323267,115.75981657323267,96.4314,115.75981657323267
1999-11-30,115.6181650120644,115.6181650120644,96.3134,115.6181650120644
1999-12-31,116.43758328031404,116.43758328031404,96.996,116.43758328031404
2000-01-31,115.72812503751366,115.72812503751366,96.405,115.72812503751366
2000-02-29,116.49100272499189,116.49100272499189,97.0405,116.49100272499189
2000-03-31,114.61928141843632,114.61928141843632,95.4813,114.61928141843632
2000-04-30,115.55502202801821,115.55502202801821,96.2608,115.55502202801821
2000-05-31,119.66375760776921,119.66375760776921,99.6835,119.66375760776921
2000-06-30,117.27284731642318,117.27284731642318,97.6918,117.27284731642318
2000-07-31,113.12173631201759,113.12173631201759,94.2338,113.12173631201759
2000-08-31,115.43809946820642,115.43809946820642,96.1634,115.43809946820642
2000-09-30,115.79570963830834,115.79570963830834,96.4613,115.79570963830834
2000-10-31,114.4608237398413,114.4608237398413,95.3493,114.4608237398413
2000-11-30,117.13323649808531,117.13323649808531,97.5755,117.13323649808531
2000-12-31,119.28057813043948,119.28057813043948,99.3643,119.28057813043948
2001-01-31,116.80335642173752,116.80335642173752,97.3007,116.80335642173752
2001-02-28,114.268513739001,114.268513739001,95.1891,114.268513739001
2001-03-31,113.09568683000613,113.09568683000613,94.2121,113.09568683000613
2001-04-30,112.398593087884,112.398593087884,93.6314,112.398593087884
2001-05-31,111.27210304550856,111.27210304550856,92.693,111.27210304550856
2001-06-30,111.01232848756948,111.01232848756948,92.4766,111.01232848756948
2001-07-31,108.05625247590123,108.05625247590123,90.0141,108.05625247590123
2001-08-31,110.21835948285177,110.21835948285177,91.8152,110.21835948285177
2001-09-30,107.38604852166189,107.38604852166189,89.4558,107.38604852166189
2001-10-31,107.80332040862875,107.80332040862875,89.8034,107.80332040862875
2001-11-30,106.40157017154243,106.40157017154243,88.6357,106.40157017154243
2001-12-31,104.15591275224183,104.15591275224183,86.765,104.15591275224183
2002-01-31,105.54913988691885,105.54913988691885,87.9256,105.54913988691885
2002-02-28,105.36547303218371,105.36547303218371,87.7726,105.36547303218371
2002-03-31,107.09986435062362,107.09986435062362,89.2174,107.09986435062362
2002-04-30,108.99571444005618,108.99571444005618,90.7967,108.99571444005618
2002-05-31,107.30874038149886,107.30874038149886,89.3914,107.30874038149886
2002-06-30,107.15232344573424,107.15232344573424,89.2611,107.15232344573424
2002-07-31,108.10751113405279,108.10751113405279,90.0568,108.10751113405279
2002-08-31,105.17472359939018,105.17472359939018,87.6137,105.17472359939018
2002-09-30,106.95173042987646,106.95173042987646,89.094,106.95173042987646
2002-10-31,106.79063178997154,106.79063178997154,88.9598,106.79063178997154
2002-11-30,105.25251191433682,105.25251191433682,87.6785,105.25251191433682
2002-12-31,104.21353372627638,104.21353372627638,86.813,104.21353372627638
2003-01-31,105.88538227914961,105.88538227914961,88.2057,105.88538227914961
2003-02-28,107.194458782997,107.194458782997,89.2962,107.194458782997
2003-03-31,103.81402830630348,103.81402830630348,86.4802,103.81402830630348
2003-04-30,103.66145276880785,103.66145276880785,86.3531,103.66145276880785
2003-05-31,103.1111724667779,103.1111724667779,85.8947,103.1111724667779
2003-06-30,99.99951982521638,99.99951982521638,83.3026,99.99951982521638
2003-07-31,103.04622882729313,103.04622882729313,85.8406,103.04622882729313
2003-08-31,103.472383947757,103.472383947757,86.1956,103.472383947757
2003-09-30,102.06163043347777,102.06163043347777,85.0204,102.06163043347777
2003-10-31,102.22032819946463,102.22032819946463,85.1526,102.22032819946463
2003-11-30,102.5235585753214,102.5235585753214,85.4052,102.5235585753214
2003-12-31,103.38511218083384,103.38511218083384,86.1229,103.38511218083384
2004-01-31,104.53837196739615,104.53837196739615,87.0836,104.53837196739615
2004-02-29,105.00246089576606,105.00246089576606,87.4702,105.00246089576606
2004-03-31,102.17543185719602,102.17543185719602,85.1152,102.17543185719602
2004-04-30,103.0408268609774,103.0408268609774,85.8361,103.0408268609774
2004-05-31,105.05684069001117,105.05684069001117,87.5155,105.05684069001117
2004-06-30,102.3553773573581,102.3553773573581,85.2651,102.3553773573581
2004-07-31,100.18858864626725,100.18858864626725,83.4601,100.18858864626725
2004-08-31,97.1468014357226,97.1468014357226,80.9262,97.1468014357226
2004-09-30,101.5488037645703,101.5488037645703,84.5932,101.5488037645703
2004-10-31,101.87484244264913,101.87484244264913,84.8648,101.87484244264913
2004-11-30,101.85983698066097,101.85983698066097,84.8523,101.85983698066097
2004-12-31,103.483788098868,103.483788098868,86.2051,103.483788098868
2005-01-31,101.79237242356218,101.79237242356218,84.7961,101.79237242356218
2005-02-28,100.68833055232105,100.68833055232105,83.8764,100.68833055232105
2005-03-31,103.0457486525095,103.0457486525095,85.8402,103.0457486525095
2005-04-30,101.25385640373095,101.25385640373095,84.3475,101.25385640373095
2005-05-31,100.17346314058318,100.17346314058318,83.4475,100.17346314058318
2005-06-30,104.23778255284925,104.23778255284925,86.8332,104.23778255284925
2005-07-31,104.32889571804137,104.32889571804137,86.9091,104.32889571804137
2005-08-31,104.06167845095615,104.06167845095615,86.6865,104.06167845095615
2005-09-30,106.0045856691836,106.0045856691836,88.305,106.0045856691836
2005-10-31,104.32901576173728,104.32901576173728,86.9092,104.32901576173728
2005-11-30,102.91274023744643,102.91274023744643,85.7294,102.91274023744643
2005-12-31,104.83031823583786,104.83031823583786,87.3268,104.83031823583786
2006-01-31,98.38829333877533,98.38829333877533,81.9604,98.38829333877533
2006-02-28,101.09479850665643,101.09479850665643,84.215,101.09479850665643
2006-03-31,103.04454821555046,103.04454821555046,85.8392,103.04454821555046
2006-04-30,102.61215082289954,102.61215082289954,85.479,102.61215082289954
2006-05-31,103.82591263219811,103.82591263219811,86.4901,103.82591263219811
2006-06-30,103.69782600866715,103.69782600866715,86.3834,103.69782600866715
2006-07-31,105.26043479826659,105.26043479826659,87.6851,105.26043479826659
2006-08-31,104.27955775902429,104.27955775902429,86.868,104.27955775902429
2006-09-30,100.43299761113047,100.43299761113047,83.6637,100.43299761113047
2006-10-31,101.56512970721343,101.56512970721343,84.6068,101.56512970721343
2006-11-30,103.17179453321008,103.17179453321008,85.9452,103.17179453321008
2006-12-31,100.81077512214445,100.81077512214445,83.9784,100.81077512214445
2007-01-31,102.34421329363887,102.34421329363887,85.2558,102.34421329363887
2007-02-28,106.74429492335211,106.74429492335211,88.9212,106.74429492335211
2007-03-31,103.03494471987804,103.03494471987804,85.8312,103.03494471987804
2007-04-30,103.7099504219536,103.7099504219536,86.3935,103.7099504219536
2007-05-31,104.453621118087,104.453621118087,87.013,104.453621118087
2007-06-30,102.30423874290241,102.30423874290241,85.2225,102.30423874290241
2007-07-31,100.84930914853005,100.84930914853005,84.0105,100.84930914853005
2007-08-31,105.26295571588058,105.26295571588058,87.6872,105.26295571588058
2007-09-30,105.70735747812203,105.70735747812203,88.0574,105.70735747812203
2007-10-31,105.46823043587865,105.46823043587865,87.8582,105.46823043587865
2007-11-30,104.38255525011104,104.38255525011104,86.9538,104.38255525011104
2007-12-31,101.80953867207666,101.80953867207666,84.8104,101.80953867207666
2008-01-31,102.92390430116562,102.92390430116562,85.7387,102.92390430116562
2008-02-29,103.73095806873702,103.73095806873702,86.411,103.73095806873702
2008-03-31,102.79209632306161,102.79209632306161,85.6289,102.79209632306161
2008-04-30,102.92858600530592,102.92858600530592,85.7426,102.92858600530592
2008-05-31,101.16046240831662,101.16046240831662,84.2697,101.16046240831662
2008-06-30,102.99749108675557,102.99749108675557,85.8,102.99749108675557
2008-07-31,101.46309256569393,101.46309256569393,84.5218,101.46309256569393
2008-08-31,97.47031919618742,97.47031919618742,81.1957,97.47031919618742
2008-09-30,99.68824652173392,99.68824652173392,83.0433,99.68824652173392
2008-10-31,99.84718437511255,99.84718437511255,83.1757,99.84718437511255
2008-11-30,101.25205574829239,101.25205574829239,84.346,101.25205574829239
2008-12-31,100.52627156284888,100.52627156284888,83.7414,100.52627156284888
2009-01-31,100.13084762853678,100.13084762853678,83.412,100.13084762853678
2009-02-28,97.49960985798832,97.49960985798832,81.2201,97.49960985798832
2009-03-31,98.61013408880834,98.61013408880834,82.1452,98.61013408880834
2009-04-30,97.6276964815193,97.6276964815193,81.3268,97.6276964815193
2009-05-31,96.66974778819491,96.66974778819491,80.5288,96.66974778819491
2009-06-30,95.20749552837233,95.20749552837233,79.3107,95.20749552837233
2009-07-31,93.5655378557795,93.5655378557795,77.9429,93.5655378557795
2009-08-31,94.6417295895706,94.6417295895706,78.8394,94.6417295895706
2009-09-30,95.67878707849657,95.67878707849657,79.7033,95.67878707849657
2009-10-31,96.805277120872,96.805277120872,80.6417,96.805277120872
2009-11-30,96.05296327863343,96.05296327863343,80.015,96.05296327863343
2009-12-31,99.9837941010528,99.9837941010528,83.2895,99.9837941010528
2010-01-31,100.47669351644,100.47669351644,83.7001,100.47669351644
2010-02-28,101.89116838529225,101.89116838529225,84.8784,101.89116838529225
2010-03-31,98.67783873329893,98.67783873329893,82.2016,98.67783873329893
2010-04-30,95.96377081257579,95.96377081257579,79.9407,95.96377081257579
2010-05-31,99.16605644454582,99.16605644454582,82.6083,99.16605644454582
2010-06-30,101.12636999867952,101.12636999867952,84.2413,101.12636999867952
2010-07-31,100.13348858984669,100.13348858984669,83.4142,100.13348858984669
2010-08-31,100.19975270998643,100.19975270998643,83.4694,100.19975270998643
2010-09-30,100.11200076827966,100.11200076827966,83.3963,100.11200076827966
2010-10-31,96.80635751413516,96.80635751413516,80.6426,96.80635751413516
2010-11-30,97.52818025761377,97.52818025761377,81.2439,97.52818025761377
2010-12-31,101.80941862838073,101.80941862838073,84.8103,101.80941862838073
2011-01-31,100.13132780332042,100.13132780332042,83.4124,100.13132780332042
2011-02-28,98.61109443837557,98.61109443837557,82.146,98.61109443837557
2011-03-31,98.29946100380538,98.29946100380538,81.8864,98.29946100380538
2011-04-30,97.88531025293207,97.88531025293207,81.5414,97.88531025293207
2011-05-31,96.68715412410118,96.68715412410118,80.5433,96.68715412410118
2011-06-30,98.19718377489406,98.19718377489406,81.8012,98.19718377489406
2011-07-31,99.77419780800211,99.77419780800211,83.1149,99.77419780800211
2011-08-31,99.44803908622738,99.44803908622738,82.8432,99.44803908622738
2011-09-30,97.55122864722759,97.55122864722759,81.2631,97.55122864722759
2011-10-31,95.8984670420033,95.8984670420033,79.8863,95.8984670420033
2011-11-30,95.93472023816669,95.93472023816669,79.9165,95.93472023816669
2011-12-31,94.57030359050694,94.57030359050694,78.7799,94.57030359050694
2012-01-31,92.29931695137029,92.29931695137029,76.8881,92.29931695137029
2012-02-29,92.78741461892129,92.78741461892129,77.2947,92.78741461892129
2012-03-31,93.45653817989748,93.45653817989748,77.8521,93.45653817989748
2012-04-30,95.17460355569428,95.17460355569428,79.2833,95.17460355569428
2012-05-31,99.27277529020563,99.27277529020563,82.6972,99.27277529020563
2012-06-30,95.87805961369938,95.87805961369938,79.8693,95.87805961369938
2012-07-31,97.75530293026662,97.75530293026662,81.4331,97.75530293026662
2012-08-31,96.29545154436215,96.29545154436215,80.217,96.29545154436215
2012-09-30,94.15819358246402,94.15819358246402,78.4366,94.15819358246402
2012-10-31,95.01134412926305,95.01134412926305,79.1473,95.01134412926305
2012-11-30,94.74376673109013,94.74376673109013,78.9244,94.74376673109013
2012-12-31,92.87456634214854,92.87456634214854,77.3673,92.87456634214854
2013-01-31,93.8727296736012,93.8727296736012,78.1988,93.8727296736012
2013-02-28,94.0356289689447,94.0356289689447,78.3345,94.0356289689447
2013-03-31,97.48316387164928,97.48316387164928,81.2064,97.48316387164928
2013-04-30,96.9996278645427,96.9996278645427,80.8036,96.9996278645427
2013-05-31,95.29764834399722,95.29764834399722,79.3858,95.29764834399722
2013-06-30,94.24762613591348,94.24762613591348,78.5111,94.24762613591348
2013-07-31,94.05987779551756,94.05987779551756,78.3547,94.05987779551756
2013-08-31,93.74812431725148,93.74812431725148,78.095,93.74812431725148
2013-09-30,95.08841218203426,95.08841218203426,79.2115,95.08841218203426
2013-10-31,96.25883821711103,96.25883821711103,80.1865,96.25883821711103
2013-11-30,96.81356013588946,96.81356013588946,80.6486,96.81356013588946
2013-12-31,99.02500510185706,99.02500510185706,82.4908,99.02500510185706
2014-01-31,100.28078220472251,100.28078220472251,83.5369,100.28078220472251
2014-02-28,99.21395387921204,99.21395387921204,82.6482,99.21395387921204
2014-03-31,98.89871913376469,98.89871913376469,82.3856,98.89871913376469
2014-04-30,96.28332713107572,96.28332713107572,80.2069,96.28332713107572
2014-05-31,96.04071882165108,96.04071882165108,80.0048,96.04071882165108
2014-06-30,94.78458158769793,94.78458158769793,78.9584,94.78458158769793
2014-07-31,92.35981897410659,92.35981897410659,76.9385,92.35981897410659
2014-08-31,93.29796045760656,93.29796045760656,77.72,93.29796045760656
2014-09-30,95.06812479742625,95.06812479742625,79.1946,95.06812479742625
2014-10-31,95.94924552537124,95.94924552537124,79.9286,95.94924552537124
2014-11-30,97.78699446598563,97.78699446598563,81.4595,97.78699446598563
2014-12-31,96.21910375376638,96.21910375376638,80.1534,96.21910375376638
2015-01-31,96.82736516091857,96.82736516091857,80.6601,96.82736516091857
2015-02-28,100.46156801075593,100.46156801075593,83.6875,100.46156801075593
2015-03-31,99.1362856079613,99.1362856079613,82.5835,99.1362856079613
2015-04-30,96.39724859848985,96.39724859848985,80.3018,96.39724859848985
2015-05-31,95.50028210268538,95.50028210268538,79.5546,95.50028210268538
2015-06-30,95.7650984958525,95.7650984958525,79.7752,95.7650984958525
2015-07-31,95.11254096491123,95.11254096491123,79.2316,95.11254096491123
2015-08-31,95.48059493655691,95.48059493655691,79.5382,95.48059493655691
2015-09-30,96.78919126562069,96.78919126562069,80.6283,96.78919126562069
2015-10-31,95.0618825252392,95.0618825252392,79.1894,95.0618825252392
2015-11-30,93.03470463248622,93.03470463248622,77.5007,93.03470463248622
2015-12-31,91.67580999483813,91.67580999483813,76.3687,91.67580999483813
2016-01-31,94.3298560676086,94.3298560676086,78.5796,94.3298560676086
2016-02-29,93.8997395051799,93.8997395051799,78.2213,93.8997395051799
2016-03-31,91.9670360011044,91.9670360011044,76.6113,91.9670360011044
2016-04-30,95.21385784425532,95.21385784425532,79.316,95.21385784425532
2016-05-31,93.67093622078436,93.67093622078436,78.0307,93.67093622078436
2016-06-30,96.5701115205935,96.5701115205935,80.4458,96.5701115205935
2016-07-31,96.80479694608837,96.80479694608837,80.6413,96.80479694608837
2016-08-31,98.87999231720347,98.87999231720347,82.37,98.87999231720347
2016-09-30,96.40613183198685,96.40613183198685,80.3092,96.40613183198685
2016-10-31,94.09841182190317,94.09841182190317,78.3868,94.09841182190317
2016-11-30,92.20640313073959,92.20640313073959,76.8107,92.20640313073959
2016-12-31,95.72872525599318,95.72872525599318,79.7449,95.72872525599318
2017-01-31,91.91865839165456,91.91865839165456,76.571,91.91865839165456
2017-02-28,87.76730729985715,87.76730729985715,73.1128,87.76730729985715
2017-03-31,93.72255501002365,93.72255501002365,78.0737,93.72255501002365
2017-04-30,94.05711679051176,94.05711679051176,78.3524,94.05711679051176
2017-05-31,93.50323517760467,93.50323517760467,77.891,93.50323517760467
2017-06-30,93.56349711294911,93.56349711294911,77.9412,93.56349711294911
2017-07-31,94.20381018690803,94.20381018690803,78.4746,94.20381018690803
2017-08-31,92.14145949125484,92.14145949125484,76.7566,92.14145949125484
2017-09-30,91.5510845947925,91.5510845947925,76.2648,91.5510845947925
2017-10-31,94.43477425782986,94.43477425782986,78.667,94.43477425782986
2017-11-30,94.0716420777163,94.0716420777163,78.3645,94.0716420777163
2017-12-31,95.97061330324237,95.97061330324237,79.9464,95.97061330324237
2018-01-31,99.07470319196187,99.07470319196187,82.5322,99.07470319196187
2018-02-28,92.82762925704957,92.82762925704957,77.3282,92.82762925704957
2018-03-31,94.98661512790656,94.98661512790656,79.1267,94.98661512790656
2018-04-30,95.93436010707899,95.93436010707899,79.9162,95.93436010707899
2018-05-31,97.40765638692484,97.40765638692484,81.1435,97.40765638692484
2018-06-30,96.11550604420009,96.11550604420009,80.0671,96.11550604420009
2018-07-31,94.99129683204687,94.99129683204687,79.1306,94.99129683204687
2018-08-31,96.0188708689963,96.0188708689963,79.9866,96.0188708689963
2018-09-30,95.43629881276784,95.43629881276784,79.5013,95.43629881276784
2018-10-31,95.71419996878863,95.71419996878863,79.7328,95.71419996878863
2018-11-30,96.83756887507052,96.83756887507052,80.6686,96.83756887507052
2018-12-31,94.20224961886127,94.20224961886127,78.4733,94.20224961886127
2019-01-31,94.30332641081355,94.30332641081355,78.5575,94.30332641081355
2019-02-28,94.44905945764258,94.44905945764258,78.6789,94.44905945764258
2019-03-31,96.35235225622127,96.35235225622127,80.2644,96.35235225622127
2019-04-30,93.50035412890291,93.50035412890291,77.8886,93.50035412890291
2019-05-31,94.17379926293171,94.17379926293171,78.4496,94.17379926293171
2019-06-30,90.72722470979437,90.72722470979437,75.5785,90.72722470979437
2019-07-31,93.86024512922705,93.86024512922705,78.1884,93.86024512922705
2019-08-31,93.17815684909307,93.17815684909307,77.6202,93.17815684909307
2019-09-30,95.61336326422818,95.61336326422818,79.6488,95.61336326422818
2019-10-31,94.1397068532946,94.1397068532946,78.4212,94.1397068532946
2019-11-30,94.04667298896798,94.04667298896798,78.3437,94.04667298896798
2019-12-31,92.50903328811687,92.50903328811687,77.0628,92.50903328811687
2020-01-31,89.1156380922656,89.1156380922656,74.236,89.1156380922656
2020-02-29,91.30079348882992,91.30079348882992,76.0563,91.30079348882992
2020-03-31,90.48557674993698,90.48557674993698,75.3772,90.48557674993698
2020-04-30,89.07926485240627,89.07926485240627,74.2057,89.07926485240627
2020-05-31,86.94140667202863,86.94140667202863,72.4248,86.94140667202863
2020-06-30,89.27541625151557,89.27541625151557,74.3691,89.27541625151557
2020-07-31,92.77649064259391,92.77649064259391,77.2856,92.77649064259391
2020-08-31,90.54523846680192,90.54523846680192,75.4269,90.54523846680192
2020-09-30,88.71853354621082,88.71853354621082,73.9052,88.71853354621082
2020-10-31,89.98115313974286,89.98115313974286,74.957,89.98115313974286
2020-11-30,88.15252752001729,88.15252752001729,73.4337,88.15252752001729
2020-12-31,92.22488985990901,92.22488985990901,76.8261,92.22488985990901
2021-01-31,88.85634370911012,88.85634370911012,74.02,88.85634370911012
2021-02-28,93.67225670143932,93.67225670143932,78.0318,93.67225670143932
2021-03-31,89.86134953122938,89.86134953122938,74.8572,89.86134953122938
2021-04-30,89.40482335570148,89.40482335570148,74.4769,89.40482335570148
2021-05-31,88.10426995426336,88.10426995426336,73.3935,88.10426995426336
2021-06-30,91.66488601851074,91.66488601851074,76.3596,91.66488601851074
2021-07-31,88.9485372675654,88.9485372675654,74.0968,88.9485372675654
2021-08-31,90.57248838577243,90.57248838577243,75.4496,90.57248838577243
2021-09-30,89.82449611658645,89.82449611658645,74.8265,89.82449611658645
2021-10-31,89.56280085951288,89.56280085951288,74.6085,89.56280085951288
2021-11-30,89.61153860005042,89.61153860005042,74.6491,89.61153860005042
2021-12-31,87.96537939810091,87.96537939810091,73.2778,87.96537939810091
2022-01-31,91.55576629893281,91.55576629893281,76.2687,91.55576629893281
2022-02-28,91.75095734847484,91.75095734847484,76.4313,91.75095734847484
2022-03-31,90.89108435470511,90.89108435470511,75.715,90.89108435470511
2022-04-30,90.2487305379158,90.2487305379158,75.1799,90.2487305379158
2022-05-31,92.20628308704369,92.20628308704369,76.8106,92.20628308704369
2022-06-30,91.36285607961298,91.36285607961298,76.108,91.36285607961298
2022-07-31,90.57416899751509,90.57416899751509,75.451,90.57416899751509
2022-08-31,89.79328475565106,89.79328475565106,74.8005,89.79328475565106
2022-09-30,89.27793716912957,89.27793716912957,74.3712,89.27793716912957
2022-10-31,86.65678306903713,86.65678306903713,72.1877,86.65678306903713
2022-11-30,89.79580567326508,89.79580567326508,74.8026,89.79580567326508
2022-12-31,92.68705808914446,92.68705808914446,77.2111,92.68705808914446
2023-01-31,84.97232992809383,84.97232992809383,70.7845,84.97232992809383
2023-02-28,85.57819046132792,85.57819046132792,71.2892,85.57819046132792
2023-03-31,91.04089888719494,91.04089888719494,75.8398,91.04089888719494
2023-04-30,88.21254936796994,88.21254936796994,73.4837,88.21254936796994
2023-05-31,86.70756155240508,86.70756155240508,72.23,86.70756155240508
2023-06-30,84.59455241707983,84.59455241707983,70.4698,84.59455241707983
2023-07-31,88.20174543533847,88.20174543533847,73.4747,88.20174543533847
2023-08-31,88.83737680515708,88.83737680515708,74.0042,88.83737680515708
2023-09-30,89.09439035809035,89.09439035809035,74.2183,89.09439035809035
2023-10-31,87.8833895537976,87.8833895537976,73.2095,87.8833895537976
2023-11-30,87.90355689470967,87.90355689470967,73.2263,87.90355689470967
2023-12-31,86.44238502815026,86.44238502815026,72.0091,86.44238502815026
2024-01-31,88.20834783861325,88.20834783861325,73.4802,88.20834783861325
2024-02-29,84.65469430872838,84.65469430872838,70.5199,84.65469430872838
2024-03-31,85.84240663601551,85.84240663601551,71.5093,85.84240663601551
2024-04-30,86.69567722651045,86.69567722651045,72.2201,86.69567722651045
2024-05-31,88.69812611790692,88.69812611790692,73.8882,88.69812611790692
2024-06-30,88.5414690947505,88.5414690947505,73.7577,88.5414690947505
2024-07-31,86.58859824976291,86.58859824976291,72.1309,86.58859824976291
2024-08-31,85.89786682352376,85.89786682352376,71.5555,85.89786682352376
2024-09-30,84.96176608285417,84.96176608285417,70.7757,84.96176608285417
2024-10-31,86.35235225622127,86.35235225622127,71.9341,86.35235225622127
2024-11-30,84.62048185539537,84.62048185539537,70.4914,84.62048185539537
2024-12-31,87.08389853906822,87.08389853906822,72.5435,87.08389853906822
2025-01-31,88.85358270410431,88.85358270410431,74.0177,88.85358270410431
2025-02-28,87.18293458819011,87.18293458819011,72.626,87.18293458819011
2025-03-31,84.29984514363228,84.29984514363228,70.2243,84.29984514363228
2025-04-30,85.40292666530617,85.40292666530617,71.1432,85.40292666530617
2025-05-31,83.8799322953555,83.8799322953555,69.8745,83.8799322953555
2025-06-30,84.77497809202549,84.77497809202549,70.6201,84.77497809202549
2025-07-31,85.04471627672474,85.04471627672474,70.8448,85.04471627672474
2025-08-31,81.82202321645079,81.82202321645079,68.1602,81.82202321645079
2025-09-30,82.6745735447703,82.6745735447703,68.8704,82.6745735447703
2025-10-31,84.34930314634528,84.34930314634528,70.2655,84.34930314634528
2025-11-30,82.87216546823043,82.87216546823043,69.035,82.87216546823043
2025-12-31,86.49004237542466,86.49004237542466,72.0488,86.49004237542466
2026-01-31,84.09805169081547,84.09805169081547,70.0562,84.09805169081547
2026-02-28,84.28303902620554,84.28303902620554,70.2103,84.28303902620554
2026-03-31,83.09712735435699,83.09712735435699,69.2224,83.09712735435699
2026-04-30,83.85172202681777,83.85172202681777,69.851,83.85172202681777
2026-05-31,82.08299821134894,82.08299821134894,68.3776,82.08299821134894
2026-06-30,82.62295475553101,82.62295475553101,68.8274,82.62295475553101
