Date,Infra_Power_Grid,Infra_Construction,Infra_Supply,Infra
1939-01-31,3.307336441319482,,3.307336441319482,3.307336441319482
1939-02-28,3.3326355411675883,,3.3326355411675883,3.3326355411675883
1939-03-31,3.4083344163993723,,3.4083344163993723,3.4083344163993723
1939-04-30,3.4335343040912116,,3.4335343040912116,3.4335343040912116
1939-05-31,3.4335343040912116,,3.4335343040912116,3.4335343040912116
1939-06-30,3.484033291631157,,3.484033291631157,3.484033291631157
1939-07-31,3.484033291631157,,3.484033291631157,3.484033291631157
1939-08-31,3.5345322791711022,,3.5345322791711022,3.5345322791711022
1939-09-30,3.6355302542509933,,3.6355302542509933,3.6355302542509933
1939-10-31,3.6355302542509933,,3.6355302542509933,3.6355302542509933
1939-11-30,3.6608293540990995,,3.6608293540990995,3.6608293540990995
1939-12-31,3.6608293540990995,,3.6608293540990995,3.6608293540990995
1940-01-31,3.6860292417909384,,3.6860292417909384,3.6860292417909384
1940-02-29,3.7365282293308835,,3.7365282293308835,3.7365282293308835
1940-03-31,3.7618273291789897,,3.7618273291789897,3.7618273291789897
1940-04-30,3.7618273291789897,,3.7618273291789897,3.7618273291789897
1940-05-31,3.7870272168708285,,3.7870272168708285,3.7870272168708285
1940-06-30,3.837526204410774,,3.837526204410774,3.837526204410774
1940-07-31,3.837526204410774,,3.837526204410774,3.837526204410774
1940-08-31,3.888025191950719,,3.888025191950719,3.888025191950719
1940-09-30,3.9385241794906647,,3.9385241794906647,3.9385241794906647
1940-10-31,3.9637240671825036,,3.9637240671825036,3.9637240671825036
1940-11-30,4.064722042262395,,4.064722042262395,4.064722042262395
1940-12-31,4.064722042262395,,4.064722042262395,4.064722042262395
1941-01-31,4.0900211421105,,4.0900211421105,4.0900211421105
1941-02-28,4.1405201296504455,,4.1405201296504455,4.1405201296504455
1941-03-31,4.191019117190391,,4.191019117190391,4.191019117190391
1941-04-30,4.2415181047303365,,4.2415181047303365,4.2415181047303365
1941-05-31,4.266717992422175,,4.266717992422175,4.266717992422175
1941-06-30,4.342516079810227,,4.342516079810227,4.342516079810227
1941-07-31,4.392915855193905,,4.392915855193905,4.392915855193905
1941-08-31,4.4434148427338505,,4.4434148427338505,4.4434148427338505
1941-09-30,4.468713942581957,,4.468713942581957,4.468713942581957
1941-10-31,4.493913830273796,,4.493913830273796,4.493913830273796
1941-11-30,4.544412817813741,,4.544412817813741,4.544412817813741
1941-12-31,4.645410792893631,,4.645410792893631,4.645410792893631
1942-01-31,4.695909780433577,,4.695909780433577,4.695909780433577
1942-02-28,4.746408767973522,,4.746408767973522,4.746408767973522
1942-03-31,4.771707867821628,,4.771707867821628,4.771707867821628
1942-04-30,4.771707867821628,,4.771707867821628,4.771707867821628
1942-05-31,4.771707867821628,,4.771707867821628,4.771707867821628
1942-06-30,4.796907755513467,,4.796907755513467,4.796907755513467
1942-07-31,4.948404718133304,,4.948404718133304,4.948404718133304
1942-08-31,4.973604605825142,,4.973604605825142,4.973604605825142
1942-09-30,4.998903705673249,,4.998903705673249,4.998903705673249
1942-10-31,4.998903705673249,,4.998903705673249,4.998903705673249
1942-11-30,5.074602580905033,,5.074602580905033,5.074602580905033
1942-12-31,5.150400668293085,,5.150400668293085,5.150400668293085
1943-01-31,5.099901680753139,,5.099901680753139,5.099901680753139
1943-02-28,5.175600555984924,,5.175600555984924,5.175600555984924
1943-03-31,5.20089965583303,,5.20089965583303,5.20089965583303
1943-04-30,5.276598531064815,,5.276598531064815,5.276598531064815
1943-05-31,5.301897630912921,,5.301897630912921,5.301897630912921
1943-06-30,5.402796393836544,,5.402796393836544,5.402796393836544
1943-07-31,5.453295381376489,,5.453295381376489,5.453295381376489
1943-08-31,5.4785944812245955,,5.4785944812245955,5.4785944812245955
1943-09-30,5.579592456304486,,5.579592456304486,5.579592456304486
1943-10-31,5.579592456304486,,5.579592456304486,5.579592456304486
1943-11-30,5.6552913315362705,,5.6552913315362705,5.6552913315362705
1943-12-31,5.6552913315362705,,5.6552913315362705,5.6552913315362705
1944-01-31,5.604792343996325,,5.604792343996325,5.604792343996325
1944-02-29,5.680590431384377,,5.680590431384377,5.680590431384377
1944-03-31,5.781588406464267,,5.781588406464267,5.781588406464267
1944-04-30,5.806788294156107,,5.806788294156107,5.806788294156107
1944-05-31,5.806788294156107,,5.806788294156107,5.806788294156107
1944-06-30,5.806788294156107,,5.806788294156107,5.806788294156107
1944-07-31,5.756289306616161,,5.756289306616161,5.756289306616161
1944-08-31,5.781588406464267,,5.781588406464267,5.781588406464267
1944-09-30,5.756289306616161,,5.756289306616161,5.756289306616161
1944-10-31,5.705790319076216,,5.705790319076216,5.705790319076216
1944-11-30,5.756289306616161,,5.756289306616161,5.756289306616161
1944-12-31,5.781588406464267,,5.781588406464267,5.781588406464267
1945-01-31,5.882487169387891,,5.882487169387891,5.882487169387891
1945-02-28,5.882487169387891,,5.882487169387891,5.882487169387891
1945-03-31,5.857287281696052,,5.857287281696052,5.857287281696052
1945-04-30,5.857287281696052,,5.857287281696052,5.857287281696052
1945-05-31,5.907786269235997,,5.907786269235997,5.907786269235997
1945-06-30,5.983485144467781,,5.983485144467781,5.983485144467781
1945-07-31,5.958285256775943,,5.958285256775943,5.958285256775943
1945-08-31,5.857287281696052,,5.857287281696052,5.857287281696052
1945-09-30,5.756289306616161,,5.756289306616161,5.756289306616161
1945-10-31,5.705790319076216,,5.705790319076216,5.705790319076216
1945-11-30,5.756289306616161,,5.756289306616161,5.756289306616161
1945-12-31,5.806788294156107,,5.806788294156107,5.806788294156107
1946-01-31,5.806788294156107,,5.806788294156107,5.806788294156107
1946-02-28,5.806788294156107,,5.806788294156107,5.806788294156107
1946-03-31,5.806788294156107,,5.806788294156107,5.806788294156107
1946-04-30,5.907786269235997,,5.907786269235997,5.907786269235997
1946-05-31,5.958285256775943,,5.958285256775943,5.958285256775943
1946-06-30,5.983485144467781,,5.983485144467781,5.983485144467781
1946-07-31,6.109782219395778,,6.109782219395778,6.109782219395778
1946-08-31,6.210780194475669,,6.210780194475669,6.210780194475669
1946-09-30,6.286479069707453,,6.286479069707453,6.286479069707453
1946-10-31,6.362177944939237,,6.362177944939237,6.362177944939237
1946-11-30,6.387477044787344,,6.387477044787344,6.387477044787344
1946-12-31,6.412676932479182,,6.412676932479182,6.412676932479182
1947-01-31,6.589472994947125,1.2837293753737689,3.936601185160447,3.936601185160447
1947-02-28,6.463175920019128,1.2837293753737689,3.8734526476964484,3.8734526476964484
1947-03-31,6.412676932479182,1.2837293753737689,3.8482031539264754,3.8482031539264754
1947-04-30,6.412676932479182,1.2931787110749244,3.8529278217770533,3.8529278217770533
1947-05-31,6.387477044787344,1.2931787110749244,3.8403278779311343,3.8403278779311343
1947-06-30,6.387477044787344,1.2931787110749244,3.8403278779311343,3.8403278779311343
1947-07-31,6.387477044787344,1.4383923651130655,3.912934704950205,3.912934704950205
1947-08-31,6.564173895099018,1.4383923651130655,4.001283130106042,4.001283130106042
1947-09-30,6.6904709700270155,1.4383923651130655,4.064431667570041,4.064431667570041
1947-10-31,6.715670857718854,1.6702425971639228,4.192956727441389,4.192956727441389
1947-11-30,6.791468945106906,1.6702425971639228,4.230855771135414,4.230855771135414
1947-12-31,7.119662758038417,1.6702425971639228,4.39495267760117,4.39495267760117
1948-01-31,7.473056458661767,1.710854962106905,4.591955710384336,4.591955710384336
1948-02-29,7.296359608350092,1.710854962106905,4.503607285228498,4.503607285228498
1948-03-31,7.321559496041931,1.710854962106905,4.516207229074418,4.516207229074418
1948-04-30,7.170161745578363,1.7880650811536802,4.479113413366021,4.479113413366021
1948-05-31,7.018664782958527,1.7880650811536802,4.403364932056103,4.403364932056103
1948-06-30,7.069163770498473,1.7880650811536802,4.428614425826076,4.428614425826076
1948-07-31,7.119662758038417,1.7979242704568867,4.458793514247652,4.458793514247652
1948-08-31,7.296359608350092,1.7979242704568867,4.547141939403489,4.547141939403489
1948-09-30,7.422557471121821,1.7979242704568867,4.610240870789354,4.610240870789354
1948-10-31,7.498355558509873,1.7368782434504837,4.617616900980178,4.617616900980178
1948-11-30,7.599353533589763,1.7368782434504837,4.6681158885201235,4.6681158885201235
1948-12-31,7.902248246673168,1.7368782434504837,4.8195632450618255,4.8195632450618255
1949-01-31,8.07904430914111,1.6300421114497272,4.854543210295419,4.854543210295419
1949-02-28,7.902248246673168,1.6300421114497272,4.766145179061448,4.766145179061448
1949-03-31,7.801250271593278,1.6300421114497272,4.715646191521502,4.715646191521502
1949-04-30,7.624553421281603,1.5887816576895313,4.606667539485567,4.606667539485567
1949-05-31,7.473056458661767,1.5887816576895313,4.530919058175649,4.530919058175649
1949-06-30,7.523555446201713,1.5887816576895313,4.556168551945622,4.556168551945622
1949-07-31,7.624553421281603,1.6235850972903938,4.624069259285998,4.624069259285998
1949-08-31,7.801250271593278,1.6235850972903938,4.712417684441836,4.712417684441836
1949-09-30,7.877048358981329,1.6235850972903938,4.750316728135862,4.750316728135862
1949-10-31,7.826549371441384,1.7479253394440506,4.787237355442717,4.787237355442717
1949-11-30,8.028545321601165,1.7479253394440506,4.888235330522607,4.888235330522607
1949-12-31,8.482936997304407,1.7479253394440506,5.115431168374228,5.115431168374228
1950-01-31,8.886928897623967,1.8976243357747207,5.392276616699344,5.392276616699344
1950-02-28,8.684932947464187,1.8976243357747207,5.291278641619454,5.291278641619454
1950-03-31,8.735431935004133,1.8976243357747207,5.316528135389427,5.316528135389427
1950-04-30,8.634433959924241,2.1161254432495693,5.375279701586905,5.375279701586905
1950-05-31,8.609234072232402,2.1161254432495693,5.3626797577409855,5.3626797577409855
1950-06-30,8.684932947464187,2.1161254432495693,5.400529195356878,5.400529195356878
1950-07-31,8.710232047312294,2.3230369966713535,5.516634521991824,5.516634521991824
1950-08-31,8.912128785315808,2.3230369966713535,5.617582890993581,5.617582890993581
1950-09-30,9.038425860243805,2.3230369966713535,5.680731428457579,5.680731428457579
1950-10-31,9.18992282286364,2.262757615009065,5.726340218936352,5.726340218936352
1950-11-30,9.316120685635369,2.262757615009065,5.789439150322217,5.789439150322217
1950-12-31,9.64431449856688,2.262757615009065,5.953536056787972,5.953536056787972
1951-01-31,10.199704149350012,2.235706576370994,6.217705362860503,6.217705362860503
1951-02-28,10.048306398886444,2.235706576370994,6.142006487628719,6.142006487628719
1951-03-31,10.048306398886444,2.235706576370994,6.142006487628719,6.142006487628719
1951-04-30,10.023007299038337,2.061920426789644,6.042463862913991,6.042463862913991
1951-05-31,9.821011348878555,2.061920426789644,5.9414658878341,5.9414658878341
1951-06-30,9.947308423806552,2.061920426789644,6.004614425298098,6.004614425298098
1951-07-31,9.997807411346498,1.9964396497591659,5.997123530552832,5.997123530552832
1951-08-31,10.225003249198119,1.9964396497591659,6.110721449478643,6.110721449478643
1951-09-30,10.326001224278007,1.9964396497591659,6.161220437018587,6.161220437018587
1951-10-31,10.250203136889958,2.0166990598221775,6.133451098356067,6.133451098356067
1951-11-30,10.452199087049738,2.0166990598221775,6.2344490734359574,6.2344490734359574
1951-12-31,10.75519301228941,2.0166990598221775,6.385946036055794,6.385946036055794
1952-01-31,11.285382775380702,2.067265691549802,6.676324233465252,6.676324233465252
1952-02-29,11.032887837680976,2.067265691549802,6.550076764615389,6.550076764615389
1952-03-31,10.957188962449191,2.067265691549802,6.512227326999497,6.512227326999497
1952-04-30,10.679494137057626,2.116847238588631,6.398170687823129,6.398170687823129
1952-05-31,10.477498186897845,2.116847238588631,6.297172712743238,6.297172712743238
1952-06-30,10.55319706212963,2.116847238588631,6.335022150359131,6.335022150359131
1952-07-31,10.729993124597572,2.058724556052235,6.394358840324903,6.394358840324903
1952-08-31,11.083386825220922,2.058724556052235,6.5710556906365785,6.5710556906365785
1952-09-30,11.285382775380702,2.058724556052235,6.672053665716469,6.672053665716469
1952-10-31,11.260083675532597,2.1839052259581657,6.721994450745381,6.721994450745381
1952-11-30,11.361081650612485,2.1839052259581657,6.772493438285325,6.772493438285325
1952-12-31,11.765073550932048,2.1839052259581657,6.9744893884451065,6.9744893884451065
1953-01-31,12.168966239095342,2.2484243638836316,7.208695301489486,7.208695301489486
1953-02-28,11.790273438623888,2.2484243638836316,7.01934890125376,7.01934890125376
1953-03-31,11.86607152601194,2.2484243638836316,7.057247944947786,7.057247944947786
1953-04-30,11.790273438623888,2.2687001453726343,7.029486791998261,7.029486791998261
1953-05-31,11.638875688160317,2.2687001453726343,6.953787916766475,6.953787916766475
1953-06-30,11.790273438623888,2.2687001453726343,7.029486791998261,7.029486791998261
1953-07-31,11.967069501091828,2.248123970310368,7.107596735701098,7.107596735701098
1953-08-31,12.143766351403503,2.248123970310368,7.195945160856936,7.195945160856936
1953-09-30,12.143766351403503,2.248123970310368,7.195945160856936,7.195945160856936
1953-10-31,12.042768376323615,2.2219911530516905,7.132379764687652,7.132379764687652
1953-11-30,11.967069501091828,2.2219911530516905,7.094530327071759,7.094530327071759
1953-12-31,12.370962189255126,2.2219911530516905,7.296476671153409,7.296476671153409
1954-01-31,13.052648914966253,2.212104448985328,7.63237668197579,7.63237668197579
1954-02-28,12.699156002186637,2.212104448985328,7.455630225585983,7.455630225585983
1954-03-31,12.648756226802957,2.212104448985328,7.430430337894142,7.430430337894142
1954-04-30,12.497259264183121,2.3070299340238996,7.402144599103511,7.402144599103511
1954-05-31,12.244764326483395,2.3070299340238996,7.2758971302536475,7.2758971302536475
1954-06-30,12.446760276643175,2.3070299340238996,7.376895105333538,7.376895105333538
1954-07-31,12.774954089574688,2.4346037713746442,7.604778930474666,7.604778930474666
1954-08-31,13.1031479025062,2.4346037713746442,7.768875836940422,7.768875836940422
1954-09-30,13.153646890046144,2.4346037713746442,7.7941253307103935,7.7941253307103935
1954-10-31,13.052648914966253,2.5380643852403537,7.795356650103304,7.795356650103304
1954-11-30,13.1031479025062,2.5380643852403537,7.820606143873277,7.820606143873277
1954-12-31,13.759535528369222,2.5380643852403537,8.148799956804787,8.148799956804787
1955-01-31,14.163527428688782,2.688363247326274,8.425945338007528,8.425945338007528
1955-02-28,14.113028441148836,2.688363247326274,8.400695844237555,8.400695844237555
1955-03-31,14.113028441148836,2.688363247326274,8.400695844237555,8.400695844237555
1955-04-30,13.961531478529002,2.7837909963731318,8.372661237451068,8.372661237451068
1955-05-31,13.683836653137435,2.7837909963731318,8.233813824755284,8.233813824755284
1955-06-30,13.810034515909168,2.7837909963731318,8.29691275614115,8.29691275614115
1955-07-31,14.163527428688782,2.810728974266572,8.487128201477677,8.487128201477677
1955-08-31,14.87041404209175,2.810728974266572,8.840571508179162,8.840571508179162
1955-09-30,14.97141201717164,2.810728974266572,8.891070495719106,8.891070495719106
1955-10-31,14.693717191780072,2.7766406541007296,8.7351789229404,8.7351789229404
1955-11-30,14.769416067011859,2.7766406541007296,8.773028360556294,8.773028360556294
1955-12-31,15.526801667954771,2.7766406541007296,9.151721161027751,9.151721161027751
1956-01-31,16.08229053089417,2.7580316010130033,9.420161065953586,9.420161065953586
1956-02-29,15.88029458073439,2.7580316010130033,9.319163090873696,9.319163090873696
1956-03-31,15.728797618114552,2.7580316010130033,9.243414609563777,9.243414609563777
1956-04-30,15.526801667954771,2.8019055868043883,9.16435362737958,9.16435362737958
1956-05-31,15.375403917491203,2.8019055868043883,9.088654752147797,9.088654752147797
1956-06-30,15.476401892571094,2.8019055868043883,9.13915373968774,9.13915373968774
1956-07-31,15.703597730422715,2.8040549261531416,9.253826328287929,9.253826328287929
1956-08-31,16.08229053089417,2.8040549261531416,9.443172728523656,9.443172728523656
1956-09-30,15.981292555814278,2.8040549261531416,9.39267374098371,9.39267374098371
1956-10-31,15.703597730422715,2.782894243948248,9.243245987185482,9.243245987185482
1956-11-30,15.703597730422715,2.782894243948248,9.243245987185482,9.243245987185482
1956-12-31,16.410484343825683,2.782894243948248,9.596689293886966,9.596689293886966
1957-01-31,17.142670057076753,2.774856217963931,9.958763137520343,9.958763137520343
1957-02-28,16.915474219225135,2.774856217963931,9.845165218594534,9.845165218594534
1957-03-31,16.688179169217243,2.774856217963931,9.731517693590586,9.731517693590586
1957-04-30,16.410484343825683,2.7416760645399965,9.57608020418284,9.57608020418284
1957-05-31,16.132789518434116,2.7416760645399965,9.437232791487055,9.437232791487055
1957-06-30,16.334785468593896,2.7416760645399965,9.538230766566947,9.538230766566947
1957-07-31,16.99117309445692,2.759284519267265,9.875228806862092,9.875228806862092
1957-08-31,17.52136285754821,2.759284519267265,10.140323688407737,10.140323688407737
1957-09-30,17.268867919848482,2.759284519267265,10.014076219557873,10.014076219557873
1957-10-31,16.789177144297135,2.7336764412119203,9.761426792754527,9.761426792754527
1957-11-30,16.839676131837084,2.7336764412119203,9.786676286524502,9.786676286524502
1957-12-31,17.470863870008266,2.7336764412119203,10.102270155610093,10.102270155610093
1958-01-31,18.076752508331342,2.5836343419541956,10.330193425142769,10.330193425142769
1958-02-28,17.773857795247935,2.5836343419541956,10.178746068601065,10.178746068601065
1958-03-31,17.546661957396314,2.5836343419541956,10.065148149675254,10.065148149675254
1958-04-30,16.94067410691697,2.5602551882696956,9.750464647593333,9.750464647593333
1958-05-31,16.61248029398546,2.5602551882696956,9.586367741127578,9.586367741127578
1958-06-30,17.04167208199686,2.5602551882696956,9.800963635133279,9.800963635133279
1958-07-31,17.52136285754821,2.6679979967725136,10.09468042716036,10.09468042716036
1958-08-31,18.228249470951177,2.6679979967725136,10.448123733861845,10.448123733861845
1958-09-30,18.278748458491123,2.6679979967725136,10.473373227631818,10.473373227631818
1958-10-31,17.723358807707992,2.8864907071581256,10.304924757433058,10.304924757433058
1958-11-30,17.64756072031994,2.8864907071581256,10.267025713739033,10.267025713739033
1958-12-31,18.58174238373079,2.8864907071581256,10.734116545444458,10.734116545444458
1959-01-31,19.566323822525327,3.1363721700210734,11.3513479962732,11.3513479962732
1959-02-28,19.238130009593814,3.1363721700210734,11.187251089807443,11.187251089807443
1959-03-31,19.137132034513925,3.1363721700210734,11.136752102267499,11.136752102267499
1959-04-30,18.682740358810683,3.2476769839826076,10.965208671396645,10.965208671396645
1959-05-31,18.55644328388269,3.2476769839826076,10.902060133932649,10.902060133932649
1959-06-30,19.137132034513925,3.2476769839826076,11.192404509248266,11.192404509248266
1959-07-31,19.642121909913378,3.2397813036887326,11.440951606801056,11.440951606801056
1959-08-31,20.046014598076674,3.2397813036887326,11.642897950882704,11.642897950882704
1959-09-30,20.248010548236454,3.2397813036887326,11.743895925962594,11.743895925962594
1959-10-31,19.339127984673706,3.1799318604047366,11.25952992253922,11.25952992253922
1959-11-30,19.28862899713376,3.1799318604047366,11.234280428769248,11.234280428769248
1959-12-31,20.39950751085629,3.1799318604047366,11.789719685630512,11.789719685630512
1960-01-31,21.257891086879095,3.2892245987152204,12.273557842797157,12.273557842797157
1960-02-29,20.954897161639423,3.2892245987152204,12.122060880177322,12.122060880177322
1960-03-31,21.05589513671931,3.2892245987152204,12.172559867717265,12.172559867717265
1960-04-30,20.349008523316346,3.1369640647259853,11.742986294021165,11.742986294021165
1960-05-31,19.74311988499327,3.1369640647259853,11.440041974859628,11.440041974859628
1960-06-30,20.248010548236454,3.1369640647259853,11.692487306481219,11.692487306481219
1960-07-31,20.753000423635907,3.057342092275909,11.905171257955908,11.905171257955908
1960-08-31,21.560885012118764,3.057342092275909,12.309113552197337,12.309113552197337
1960-09-30,21.586084899810604,3.057342092275909,12.321713496043257,12.321713496043257
1960-10-31,20.576204361167967,3.0517577467956234,11.813981053981795,11.813981053981795
1960-11-30,20.349008523316346,3.0517577467956234,11.700383135055985,11.700383135055985
1960-12-31,21.10639412425926,3.0517577467956234,12.079075935527442,12.079075935527442
1961-01-31,22.116274662901894,3.0359294492927487,12.576102056097321,12.576102056097321
1961-02-28,21.661882987198656,3.0359294492927487,12.348906218245702,12.348906218245702
1961-03-31,21.358889061958987,3.0359294492927487,12.197409255625868,12.197409255625868
1961-04-30,21.00539614917937,3.074885040086898,12.040140594633133,12.040140594633133
1961-05-31,21.00539614917937,3.074885040086898,12.040140594633133,12.040140594633133
1961-06-30,21.45988703703887,3.074885040086898,12.267386038562885,12.267386038562885
1961-07-31,21.96477770028206,3.1921391541282547,12.578458427205158,12.578458427205158
1961-08-31,22.999957338772806,3.1921391541282547,13.09604824645053,13.09604824645053
1961-09-30,23.126155201544535,3.1921391541282547,13.159147177836395,13.159147177836395
1961-10-31,22.217272637981786,3.295483103247075,12.75637787061443,12.75637787061443
1961-11-30,21.889078825050277,3.295483103247075,12.592280964148676,12.592280964148676
1961-12-31,22.79796138861302,3.295483103247075,13.046722245930049,13.046722245930049
1962-01-31,24.16133484003528,3.360076811125254,13.760705825580267,13.760705825580267
1962-02-28,23.530147101864095,3.360076811125254,13.445111956494674,13.445111956494674
1962-03-31,23.37865013924426,3.360076811125254,13.369363475184757,13.369363475184757
1962-04-30,22.520266563221462,3.461005704378683,12.990636133800072,12.990636133800072
1962-05-31,22.41926858814157,3.461005704378683,12.940137146260126,12.940137146260126
1962-06-30,23.17665418908448,3.461005704378683,13.318829946731581,13.318829946731581
1962-07-31,23.883640014643714,3.4732885686189165,13.678464291631315,13.678464291631315
1962-08-31,24.540027640506736,3.4732885686189165,14.006658104562826,14.006658104562826
1962-09-30,24.540027640506736,3.4732885686189165,14.006658104562826,14.006658104562826
1962-10-31,23.530147101864095,3.46122498922833,13.495686045546213,13.495686045546213
1962-11-30,23.37865013924426,3.46122498922833,13.419937564236296,13.419937564236296
1962-12-31,24.26233281511517,3.46122498922833,13.86177890217175,13.86177890217175
1963-01-31,25.676106041921106,3.5437146106749045,14.609910326298005,14.609910326298005
1963-02-28,25.373112116681433,3.5437146106749045,14.458413363678169,14.458413363678169
1963-03-31,24.893421341130086,3.5437146106749045,14.218567975902495,14.218567975902495
1963-04-30,23.959338889875497,3.737441504577048,13.848390197226273,13.848390197226273
1963-05-31,23.959338889875497,3.737441504577048,13.848390197226273,13.848390197226273
1963-06-30,24.742023590666516,3.737441504577048,14.239732547621783,14.239732547621783
1963-07-31,25.85290210438905,3.7929901252258595,14.822946114807454,14.822946114807454
1963-08-31,26.685986580563743,3.7929901252258595,15.239488352894801,15.239488352894801
1963-09-30,26.307293780092287,3.7929901252258595,15.050141952659073,15.050141952659073
1963-10-31,24.969219428518137,3.9271467836919856,14.448183106105061,14.448183106105061
1963-11-30,24.666225503278465,3.9271467836919856,14.296686143485225,14.296686143485225
1963-12-31,25.878101992080886,3.9271467836919856,14.902624387886435,14.902624387886435
1964-01-31,27.569669256434654,4.089069399461119,15.829369327947887,15.829369327947887
1964-02-29,26.736485568103685,4.089069399461119,15.412777483782403,15.412777483782403
1964-03-31,26.660786692871902,4.089069399461119,15.37492804616651,15.37492804616651
1964-04-30,26.231594904860504,4.034997762753829,15.133296333807166,15.133296333807166
1964-05-31,26.029598954700724,4.034997762753829,15.032298358727276,15.032298358727276
1964-06-30,26.887982530723527,4.034997762753829,15.461490146738678,15.461490146738678
1964-07-31,28.604749682769132,4.047619703166378,16.326184692967754,16.326184692967754
1964-08-31,29.387434383560144,4.047619703166378,16.717527043363262,16.717527043363262
1964-09-30,28.756246645388966,4.047619703166378,16.401933174277673,16.401933174277673
1964-10-31,27.26667533119498,4.09426538150618,15.680470356350579,15.680470356350579
1964-11-30,26.660786692871902,4.09426538150618,15.37752603718904,15.37752603718904
1964-12-31,28.15035800706589,4.09426538150618,16.122311694286033,16.122311694286033
1965-01-31,29.26113730863215,4.201632171245023,16.731384739938587,16.731384739938587
1965-02-28,28.604749682769132,4.201632171245023,16.403190927007078,16.403190927007078
1965-03-31,28.655248670309074,4.201632171245023,16.428440420777047,16.428440420777047
1965-04-30,27.998861044446056,4.289612651315334,16.144236847880695,16.144236847880695
1965-05-31,27.519170268894705,4.289612651315334,15.90439146010502,15.90439146010502
1965-06-30,28.50375170768924,4.289612651315334,16.396682179502285,16.396682179502285
1965-07-31,29.791327071723444,4.367335344451961,17.0793312080877,17.0793312080877
1965-08-31,30.80120761036608,4.367335344451961,17.584271477409022,17.584271477409022
1965-09-30,30.649809859902515,4.367335344451961,17.50857260217724,17.50857260217724
1965-10-31,29.160238545708527,4.4662985512967,16.813268548502613,16.813268548502613
1965-11-30,28.377553844917514,4.4662985512967,16.42192619810711,16.42192619810711
1965-12-31,29.81662617157155,4.4662985512967,17.141462361434126,17.141462361434126
1966-01-31,31.02850266037397,4.572625704246914,17.800564182310442,17.800564182310442
1966-02-28,30.978003672834024,4.572625704246914,17.77531468854047,17.77531468854047
1966-03-31,30.548811884822623,4.572625704246914,17.56071879453477,17.56071879453477
1966-04-30,29.58943033371993,4.503106685559159,17.046268509639543,17.046268509639543
1966-05-31,29.362135283712043,4.503106685559159,16.9326209846356,16.9326209846356
1966-06-30,30.49831289728268,4.503106685559159,17.50070979142092,17.50070979142092
1966-07-31,33.09866351304292,4.432739733245904,18.765701623144412,18.765701623144412
1966-08-31,34.08334416399372,4.432739733245904,19.258041948619812,19.258041948619812
1966-09-30,33.07346362535109,4.432739733245904,18.753101679298496,18.753101679298496
1966-10-31,31.003203560525865,4.238085165637131,17.620644363081496,17.620644363081496
1966-11-30,30.599310872362572,4.238085165637131,17.41869801899985,17.41869801899985
1966-12-31,31.987884211476665,4.238085165637131,18.1129846885569,18.1129846885569
1967-01-31,33.73887955743441,4.155120740271431,18.94700014885292,18.94700014885292
1967-02-28,33.176247419243786,4.155120740271431,18.665684079757607,18.665684079757607
1967-03-31,32.147218934441604,4.155120740271431,18.151169837356516,18.151169837356516
1967-04-30,31.895716118304545,4.4201525156010275,18.157934316952787,18.157934316952787
1967-05-31,30.846349141467606,4.4201525156010275,17.633250828534315,17.633250828534315
1967-06-30,32.1954360423874,4.4201525156010275,18.307794278994212,18.307794278994212
1967-07-31,33.257700599539056,4.574014505307024,18.91585755242304,18.91585755242304
1967-08-31,33.63698867294812,4.574014505307024,19.105501589127574,19.105501589127574
1967-09-30,32.626711285680415,4.574014505307024,18.60036289549372,18.60036289549372
1967-10-31,32.56232259626308,4.834137785217834,18.698230190740457,18.698230190740457
1967-11-30,33.07118174575694,4.834137785217834,18.952659765487386,18.952659765487386
1967-12-31,35.05820281147408,4.834137785217834,19.946170298345958,19.946170298345958
1968-01-31,36.36641430401184,4.970050300856653,20.668232302434248,20.668232302434248
1968-02-29,35.463980530606456,4.970050300856653,20.217015415731556,20.217015415731556
1968-03-31,35.177058974682055,4.970050300856653,20.073554637769355,20.073554637769355
1968-04-30,33.56575434474835,5.061132671845567,19.31344350829696,19.31344350829696
1968-05-31,33.19321269796546,5.061132671845567,19.127172684905513,19.127172684905513
1968-06-30,35.30414974686018,5.061132671845567,20.182641209352877,20.182641209352877
1968-07-31,35.94228233597006,5.169403768879981,20.555843052425022,20.555843052425022
1968-08-31,37.23590964153656,5.169403768879981,21.20265670520827,21.20265670520827
1968-09-30,36.4123495323635,5.169403768879981,20.79087665062174,20.79087665062174
1968-10-31,34.67653364631462,5.423553281350866,20.050043463832743,20.050043463832743
1968-11-30,35.30087574570337,5.423553281350866,20.36221451352712,20.36221451352712
1968-12-31,37.861640711113054,5.423553281350866,21.64259699623196,21.64259699623196
1969-01-31,39.25269435413382,5.674119146423585,22.463406750278704,22.463406750278704
1969-02-28,38.83967414759395,5.674119146423585,22.25689664700877,22.25689664700877
1969-03-31,38.123362379345615,5.674119146423585,21.8987407628846,21.8987407628846
1969-04-30,36.31055786003348,5.738344818837494,21.024451339435487,21.024451339435487
1969-05-31,35.5220196420227,5.738344818837494,20.630182230430098,20.630182230430098
1969-06-30,38.081792485869705,5.738344818837494,21.9100686523536,21.9100686523536
1969-07-31,39.937059808064156,5.806581008412491,22.871820408238325,22.871820408238325
1969-08-31,41.26977670319988,5.806581008412491,23.538178855806187,23.538178855806187
1969-09-30,39.47165558301528,5.806581008412491,22.639118295713885,22.639118295713885
1969-10-31,37.856680103299695,5.640401422735638,21.748540763017665,21.748540763017665
1969-11-30,38.87618422110024,5.640401422735638,22.258292821917937,22.258292821917937
1969-12-31,40.26654337902715,5.640401422735638,22.95347240088139,22.95347240088139
1970-01-31,42.108615484438076,5.649892664710251,23.879254074574163,23.879254074574163
1970-02-28,41.59152172597404,5.649892664710251,23.620707195342145,23.620707195342145
1970-03-31,40.676587220879,5.649892664710251,23.163239942794625,23.163239942794625
1970-04-30,39.285533577858224,5.589862707311337,22.43769814258478,22.43769814258478
1970-05-31,39.025498516282205,5.589862707311337,22.30768061179677,22.30768061179677
1970-06-30,40.24967731246174,5.589862707311337,22.91977000988654,22.91977000988654
1970-07-31,42.24165898599224,5.704517781216847,23.97308838360454,23.97308838360454
1970-08-31,43.79641268685369,5.704517781216847,24.750465234035268,24.750465234035268
1970-09-30,42.61082741946205,5.704517781216847,24.157672600339446,24.157672600339446
1970-10-31,39.626128910323125,5.997349044245986,22.811738977284556,22.811738977284556
1970-11-30,40.00908783351406,5.997349044245986,23.003218438880022,23.003218438880022
1970-12-31,41.155682723492745,5.997349044245986,23.576515883869366,23.576515883869366
1971-01-31,43.931142795064396,6.332176090130354,25.131659442597375,25.131659442597375
1971-02-28,43.362260291028946,6.332176090130354,24.84721819057965,24.84721819057965
1971-03-31,41.78409252128845,6.332176090130354,24.0581343057094,24.0581343057094
1971-04-30,40.48292509184566,6.84535928594048,23.66414218889307,23.66414218889307
1971-05-31,39.90253397768322,6.84535928594048,23.37394663181185,23.37394663181185
1971-06-30,42.56013000760957,6.84535928594048,24.702744646775027,24.702744646775027
1971-07-31,44.16161263407283,7.156385825372012,25.658999229722422,25.658999229722422
1971-08-31,45.0622605886654,7.156385825372012,26.109323207018708,26.109323207018708
1971-09-30,44.471849046719996,7.156385825372012,25.814117436046004,25.814117436046004
1971-10-31,42.95181960055202,7.474437091927031,25.213128346239525,25.213128346239525
1971-11-30,43.00390598259224,7.474437091927031,25.239171537259633,25.239171537259633
1971-12-31,44.56996986926814,7.474437091927031,26.022203480597586,26.022203480597586
1972-01-31,47.73047231931234,7.977443667487499,27.85395799339992,27.85395799339992
1972-02-29,48.883515999448385,7.977443667487499,28.430479833467942,28.430479833467942
1972-03-31,46.75591130830078,7.977443667487499,27.36667748789414,27.36667748789414
1972-04-30,43.50214943136553,8.169858213099307,25.83600382223242,25.83600382223242
1972-05-31,41.150226054898056,8.169858213099307,24.66004213399868,24.66004213399868
1972-06-30,42.82681228365549,8.169858213099307,25.4983352483774,25.4983352483774
1972-07-31,44.36579125167049,8.345373039707003,26.355582145688743,26.355582145688743
1972-08-31,46.899669722731794,8.345373039707003,27.6225213812194,27.6225213812194
1972-09-30,45.7660716252241,8.345373039707003,27.05572233246555,27.05572233246555
1972-10-31,43.67358803739505,8.87021083130936,26.271899434352203,26.271899434352203
1972-11-30,46.12631096462988,8.87021083130936,27.49826089796962,27.49826089796962
1972-12-31,50.99137747149882,8.87021083130936,29.93079415140409,29.93079415140409
1973-01-31,54.66421149650624,9.301637922160658,31.98292470933345,31.98292470933345
1973-02-28,52.77134276708656,9.301637922160658,31.03649034462361,31.03649034462361
1973-03-31,49.36330598715599,9.301637922160658,29.332471954658324,29.332471954658324
1973-04-30,45.75624962175365,9.304796527938965,27.530523074846307,27.530523074846307
1973-05-31,43.9088200599043,9.304796527938965,26.60680829392163,26.60680829392163
1973-06-30,46.38148463054881,9.304796527938965,27.843140579243887,27.843140579243887
1973-07-31,48.19726551454897,9.354063080161195,28.775664297355082,28.775664297355082
1973-08-31,49.93109715747251,9.354063080161195,29.642580118816852,29.642580118816852
1973-09-30,48.94562280927157,9.354063080161195,29.149842944716383,29.149842944716383
1973-10-31,46.010629590422454,9.2590306291841,27.634830109803275,27.634830109803275
1973-11-30,46.795893807276414,9.2590306291841,28.027462218230255,28.027462218230255
1973-12-31,48.66624137722347,9.2590306291841,28.962636003203784,28.962636003203784
1974-01-31,52.59911046380691,9.078857689560364,30.838984076683637,30.838984076683637
1974-02-28,50.483510443567624,9.078857689560364,29.781184066563995,29.781184066563995
1974-03-31,48.667828771723734,9.078857689560364,28.87334323064205,28.87334323064205
1974-04-30,45.768651141287044,9.091423934499403,27.430037537893224,27.430037537893224
1974-05-31,44.385038409986294,9.091423934499403,26.73823117224285,26.73823117224285
1974-06-30,46.03920269142738,9.091423934499403,27.56531331296339,27.56531331296339
1974-07-31,49.554388600126394,9.189206506295244,29.37179755321082,29.37179755321082
1974-08-31,50.56248331995623,9.189206506295244,29.875844913125736,29.875844913125736
1974-09-30,47.569252565378335,9.189206506295244,28.37922953583679,28.37922953583679
1974-10-31,46.04753651255382,8.681259675102108,27.364398093827965,27.364398093827965
1974-11-30,46.66751327706681,8.681259675102108,27.674386476084457,27.674386476084457
1974-12-31,51.73596470428329,8.681259675102108,30.2086121896927,30.2086121896927
1975-01-31,54.434336930435414,8.433739582722,31.434038256578706,31.434038256578706
1975-02-28,53.17622757681253,8.433739582722,30.804983579767264,30.804983579767264
1975-03-31,50.95576030739895,8.433739582722,29.694749945060472,29.694749945060472
1975-04-30,48.21671109717732,8.64285100980058,28.42978105348895,28.42978105348895
1975-05-31,45.059879496915,8.64285100980058,26.85136525335779,26.85136525335779
1975-06-30,46.301321208285,8.64285100980058,27.47208610904279,27.47208610904279
1975-07-31,49.377989386283524,9.093005174879615,29.23549728058157,29.23549728058157
1975-08-31,51.07213616670023,9.093005174879615,30.082570670789924,30.082570670789924
1975-09-30,48.30977209975584,9.093005174879615,28.701388637317727,28.701388637317727
1975-10-31,45.686305051585364,9.510729305393802,27.598517178489583,27.598517178489583
1975-11-30,46.71295244463713,9.510729305393802,28.111840875015467,28.111840875015467
1975-12-31,53.17583072818747,9.510729305393802,31.343280016790636,31.343280016790636
1976-01-31,59.236006869449696,10.198624515171037,34.717315692310365,34.717315692310365
1976-02-29,55.641153599268215,10.198624515171037,32.91988905721963,32.91988905721963
1976-03-31,51.7172136067488,10.198624515171037,30.957919060959917,30.957919060959917
1976-04-30,47.61240985335451,10.637830965149078,29.125120409251792,29.125120409251792
1976-05-31,45.62132108923042,10.637830965149078,28.12957602718975,28.12957602718975
1976-06-30,48.130495733381224,10.637830965149078,29.38416334926515,29.38416334926515
1976-07-31,50.840971842597924,10.792202372193879,30.8165871073959,30.8165871073959
1976-08-31,52.16723994757629,10.792202372193879,31.479721159885084,31.479721159885084
1976-09-30,49.941216797411755,10.792202372193879,30.366709584802816,30.366709584802816
1976-10-31,48.0217592101125,11.842008229787766,29.931883719950132,29.931883719950132
1976-11-30,52.0487806329934,11.842008229787766,31.945394431390582,31.945394431390582
1976-12-31,59.43988785057856,11.842008229787766,35.64094804018316,35.64094804018316
1977-01-31,64.60566640309304,12.50044217489661,38.55305428899482,38.55305428899482
1977-02-28,59.96243827763729,12.50044217489661,36.23144022626695,36.23144022626695
1977-03-31,53.73915735147197,12.50044217489661,33.11979976318429,33.11979976318429
1977-04-30,49.36469495734374,13.775999623786024,31.570347290564882,31.570347290564882
1977-05-31,48.19667024161136,13.775999623786024,30.98633493269869,30.98633493269869
1977-06-30,51.127000489115936,13.775999623786024,32.45150005645098,32.45150005645098
1977-07-31,54.49416186066447,14.227586831943437,34.36087434630395,34.36087434630395
1977-08-31,54.65925088869289,14.227586831943437,34.44341886031816,34.44341886031816
1977-09-30,52.0171319551442,14.227586831943437,33.12235939354382,33.12235939354382
1977-10-31,49.59030340069508,14.649351911224613,32.119827655959845,32.119827655959845
1977-11-30,50.72003222410836,14.649351911224613,32.68469206766649,32.68469206766649
1977-12-31,58.23148378724549,14.649351911224613,36.44041784923505,36.44041784923505
1978-01-31,63.98182036448562,15.129012142875926,39.555416253680775,39.555416253680775
1978-02-28,62.999620017441494,15.129012142875926,39.06431608015871,39.06431608015871
1978-03-31,57.398796159695856,15.129012142875926,36.26390415128589,36.26390415128589
1978-04-30,50.2463933900893,16.418608386674457,33.33250088838188,33.33250088838188
1978-05-31,48.85623265647493,16.418608386674457,32.6374205215747,32.6374205215747
1978-06-30,51.99044388510835,16.418608386674457,34.2045261358914,34.2045261358914
1978-07-31,54.255258988373335,17.131407914715044,35.69333345154419,35.69333345154419
1978-08-31,56.20745658724072,17.131407914715044,36.669432250977884,36.669432250977884
1978-09-30,53.80939955810905,17.131407914715044,35.470403736412045,35.470403736412045
1978-10-31,51.01419626744026,17.7222151042522,34.368205685846235,34.368205685846235
1978-11-30,52.82690157459613,17.7222151042522,35.27455833942416,35.27455833942416
1978-12-31,59.378177889380424,17.7222151042522,38.55019649681631,38.55019649681631
1979-01-31,67.14768027096824,17.9843250196751,42.56600264532167,42.56600264532167
1979-02-28,66.57463085636958,17.9843250196751,42.27947793802234,42.27947793802234
1979-03-31,59.98059410223415,17.9843250196751,38.982459560954624,38.982459560954624
1979-04-30,54.01734823764486,18.31228465673466,36.164816447189764,36.164816447189764
1979-05-31,50.23776193249406,18.31228465673466,34.27502329461436,34.27502329461436
1979-06-30,52.03846256874163,18.31228465673466,35.17537361273814,35.17537361273814
1979-07-31,54.183032538610895,18.900798695491506,36.5419156170512,36.5419156170512
1979-08-31,56.33881348213834,18.900798695491506,37.619806088814926,37.619806088814926
1979-09-30,53.0009196966886,18.900798695491506,35.95085919609005,35.95085919609005
1979-10-31,51.55807730809641,18.880740623763046,35.21940896592973,35.21940896592973
1979-11-30,53.40501080916442,18.880740623763046,36.142875716463735,36.142875716463735
1979-12-31,58.72327844586142,18.880740623763046,38.80200953481223,38.80200953481223
1980-01-31,63.89669633440847,18.559787405806215,41.22824187010734,41.22824187010734
1980-02-29,63.301621821118495,18.559787405806215,40.93070461346235,40.93070461346235
1980-03-31,59.498522234932395,18.559787405806215,39.02915482036931,39.02915482036931
1980-04-30,51.9056174915,16.62245891515135,34.264038203325676,34.264038203325676
1980-05-31,48.66862246897388,16.62245891515135,32.64554069206261,32.64554069206261
1980-06-30,51.236530709634785,16.62245891515135,33.92949481239307,33.92949481239307
1980-07-31,57.196700997379814,17.317232148276496,37.256966572828155,37.256966572828155
1980-08-31,59.03897152710328,17.317232148276496,38.17810183768989,38.17810183768989
1980-09-30,56.42711230121604,17.317232148276496,36.872172224746265,36.872172224746265
1980-10-31,53.52039454690304,18.750477976952865,36.13543626192795,36.13543626192795
1980-11-30,55.17971786047,18.750477976952865,36.965097918711436,36.965097918711436
1980-12-31,62.00095045245704,18.750477976952865,40.375714214704956,40.375714214704956
1981-01-31,67.6988037990319,19.138329192125106,43.4185664955785,43.4185664955785
1981-02-28,62.1894535493645,19.138329192125106,40.66389137074481,40.66389137074481
1981-03-31,58.738160269301474,19.138329192125106,38.93824473071329,38.93824473071329
1981-04-30,52.91539881798637,19.36053446880122,36.137966643393796,36.137966643393796
1981-05-31,51.06221495107353,19.36053446880122,35.211374709937374,35.211374709937374
1981-06-30,55.20898544656879,19.36053446880122,37.284759957685004,37.284759957685004
1981-07-31,59.24572966076388,19.07027158096656,39.15800062086522,39.15800062086522
1981-08-31,59.27370748883119,19.07027158096656,39.17198953489888,39.17198953489888
1981-09-30,55.09310564804885,19.07027158096656,37.081688614507705,37.081688614507705
1981-10-31,53.44261221638965,18.65194377185813,36.04727799412389,36.04727799412389
1981-11-30,54.45973524243979,18.65194377185813,36.55583950714896,36.55583950714896
1981-12-31,61.99440245014342,18.65194377185813,40.32317311100077,40.32317311100077
1982-01-31,69.06822919198643,18.19506150520462,43.63164534859553,43.63164534859553
1982-02-28,62.81359722444071,18.19506150520462,40.50432936482267,40.50432936482267
1982-03-31,58.418895550434,18.19506150520462,38.30697852781931,38.30697852781931
1982-04-30,52.88057535113663,17.846602808513353,35.36358907982499,35.36358907982499
1982-05-31,48.72576867098372,17.846602808513353,33.28618573974853,33.28618573974853
1982-06-30,51.50995941230687,17.846602808513353,34.67828111041011,34.67828111041011
1982-07-31,55.357704468813154,17.673208845065467,36.51545665693931,36.51545665693931
1982-08-31,55.89394617343674,17.673208845065467,36.7835775092511,36.7835775092511
1982-09-30,52.77402149530578,17.673208845065467,35.223615170185624,35.223615170185624
1982-10-31,50.52835433820035,18.20952054117749,34.36893743968892,34.36893743968892
1982-11-30,52.838112548254315,18.20952054117749,35.5238165447159,35.5238165447159
1982-12-31,57.432230656357866,18.20952054117749,37.82087559876768,37.82087559876768
1983-01-31,64.46528120197512,19.58502680384167,42.025154002908394,42.025154002908394
1983-02-28,57.818860429330684,19.58502680384167,38.70194361658618,38.70194361658618
1983-03-31,56.012802336644704,19.58502680384167,37.798914570243184,37.798914570243184
1983-04-30,51.76910156447649,20.90662188692238,36.33786172569944,36.33786172569944
1983-05-31,48.054400009524365,20.90662188692238,34.48051094822337,34.48051094822337
1983-06-30,50.536390522857985,20.90662188692238,35.72150620489018,35.72150620489018
1983-07-31,56.616210671061104,22.487684214545077,39.55194744280309,39.55194744280309
1983-08-31,60.18973332764518,22.487684214545077,41.33870877109513,41.33870877109513
1983-09-30,56.495370264727796,22.487684214545077,39.49152723963644,39.49152723963644
1983-10-31,52.554464993486725,23.729506273174252,38.14198563333049,38.14198563333049
1983-11-30,54.53116799495208,23.729506273174252,39.13033713406317,39.13033713406317
1983-12-31,64.1401629658879,23.729506273174252,43.934834619531074,43.934834619531074
1984-01-31,71.60538166420456,24.554170387265454,48.07977602573501,48.07977602573501
1984-02-29,64.75031772693043,24.554170387265454,44.652244057097946,44.652244057097946
1984-03-31,61.843500760461176,24.554170387265454,43.19883557386331,43.19883557386331
1984-04-30,56.14584583819887,25.454366642603414,40.80010624040114,40.80010624040114
1984-05-31,53.897797589343035,25.454366642603414,39.67608211597322,39.67608211597322
1984-06-30,56.61224218481041,25.454366642603414,41.033304413706915,41.033304413706915
1984-07-31,59.29989949808571,25.789766414131194,42.54483295610845,42.54483295610845
1984-08-31,60.943844927431265,25.789766414131194,43.36680567078123,43.36680567078123
1984-09-30,56.76403678389905,25.789766414131194,41.27690159901512,41.27690159901512
1984-10-31,53.4789238655834,26.223449658497145,39.85118676204027,39.85118676204027
1984-11-30,55.869440770838764,26.223449658497145,41.046445214667955,41.046445214667955
1984-12-31,61.9109650267228,26.223449658497145,44.067207342609976,44.067207342609976
1985-01-31,71.03024879432428,26.49522351969481,48.76273615700954,48.76273615700954
1985-02-28,69.23946937370343,26.49522351969481,47.867346446699116,47.867346446699116
1985-03-31,61.194950894943254,26.49522351969481,43.84508720731903,43.84508720731903
1985-04-30,56.30260104510085,26.844517860014324,41.57355945255759,41.57355945255759
1985-05-31,54.18789393426798,26.844517860014324,40.516205897141155,40.516205897141155
1985-06-30,56.900949559547634,26.844517860014324,41.87273370978098,41.87273370978098
1985-07-31,61.33434397449851,27.133598139457234,44.23397105697787,44.23397105697787
1985-08-31,61.952931768823774,27.133598139457234,44.543264954140504,44.543264954140504
1985-09-30,59.371530674910545,27.133598139457234,43.25256440718389,43.25256440718389
1985-10-31,55.17356670678145,27.92447259023488,41.549019648508164,41.549019648508164
1985-11-30,56.818603469845954,27.92447259023488,42.37153803004042,42.37153803004042
1985-12-31,67.31207481390278,27.92447259023488,47.618273702068834,47.618273702068834
1986-01-31,71.82712083346148,28.668462807480235,50.24779182047086,50.24779182047086
1986-02-28,66.61620074984548,28.668462807480235,47.64233177866286,47.64233177866286
1986-03-31,60.97579124174926,28.668462807480235,44.82212702461475,44.82212702461475
1986-04-30,55.893053264030335,29.620735979432357,42.75689462173135,42.75689462173135
1986-05-31,54.68951059635435,29.620735979432357,42.15512328789335,42.15512328789335
1986-06-30,58.670596790883586,29.620735979432357,44.14566638515797,44.14566638515797
1986-07-31,64.4114090011221,30.032431875256048,47.22192043818907,47.22192043818907
1986-08-31,63.17730898931585,30.032431875256048,46.60487043228595,46.60487043228595
1986-09-30,59.78534457870054,30.032431875256048,44.90888822697829,44.90888822697829
1986-10-31,56.387824287334276,30.4567565669541,43.42229042714419,43.42229042714419
1986-11-30,58.14566527207445,30.4567565669541,44.301210919514276,44.301210919514276
1986-12-31,66.7789086861235,30.4567565669541,48.6178326265388,48.6178326265388
1987-01-31,72.33687289236175,30.35635153961389,51.34661221598782,51.34661221598782
1987-02-28,68.65907825954099,30.35635153961389,49.50771489957744,49.50771489957744
1987-03-31,64.3028709021659,30.35635153961389,47.3296112208899,47.3296112208899
1987-04-30,58.95335143624478,30.81839200917878,44.885871722711784,44.885871722711784
1987-05-31,57.68442795758879,30.81839200917878,44.25140998338378,44.25140998338378
1987-06-30,62.58074629368188,30.81839200917878,46.699569151430325,46.699569151430325
1987-07-31,67.46099226045969,31.181132781238972,49.32106252084933,49.32106252084933
1987-08-31,68.64231140513184,31.181132781238972,49.9117220931854,49.9117220931854
1987-09-30,62.83889632428882,31.181132781238972,47.01001455276389,47.01001455276389
1987-10-31,59.165764662812606,31.495909793368575,45.33083722809059,45.33083722809059
1987-11-30,61.200209139225414,31.495909793368575,46.348059466296995,46.348059466296995
1987-12-31,69.16049649731481,31.495909793368575,50.32820314534169,50.32820314534169
1988-01-31,78.26509686578878,31.51234572451684,54.888721295152806,54.888721295152806
1988-02-29,74.62936818722524,31.51234572451684,53.07085695587104,53.07085695587104
1988-03-31,68.8950047671441,31.51234572451684,50.20367524583047,50.20367524583047
1988-04-30,61.98448123451671,32.27267269607439,47.12857696529555,47.12857696529555
1988-05-31,60.179613687705924,32.27267269607439,46.22614319189016,46.22614319189016
1988-06-30,65.74670541232076,32.27267269607439,49.00968905419758,49.00968905419758
1988-07-31,71.50646714440626,32.56025633612485,52.033361740265555,52.033361740265555
1988-08-31,74.22368968024915,32.56025633612485,53.391973008187,53.391973008187
1988-09-30,66.18472708223993,32.56025633612485,49.37249170918239,49.37249170918239
1988-10-31,62.01851100411632,33.18475406024065,47.601632532178485,47.601632532178485
1988-11-30,63.788753508389874,33.18475406024065,48.48675378431526,48.48675378431526
1988-12-31,72.36802550942963,33.18475406024065,52.77638978483514,52.77638978483514
1989-01-31,76.36290219368,33.41600627917806,54.88945423642903,54.88945423642903
1989-02-28,75.10518968868217,33.41600627917806,54.26059798393012,54.26059798393012
1989-03-31,71.86819466615606,33.41600627917806,52.64210047266706,52.64210047266706
1989-04-30,63.785777143701864,33.28621243200669,48.53599478785428,48.53599478785428
1989-05-31,62.4118872037153,33.28621243200669,47.849049817861,47.849049817861
1989-06-30,67.09995922380378,33.28621243200669,50.193085827905236,50.193085827905236
1989-07-31,72.56347345727578,33.70695514042765,53.135214298851714,53.135214298851714
1989-08-31,73.56154774932263,33.70695514042765,53.63425144487514,53.63425144487514
1989-09-30,67.93254763919713,33.70695514042765,50.81975138981239,50.81975138981239
1989-10-31,64.56221147864805,33.36170825418435,48.9619598664162,48.9619598664162
1989-11-30,67.68322749049796,33.36170825418435,50.52246787234115,50.52246787234115
1989-12-31,82.48786387298462,33.36170825418435,57.924786063584484,57.924786063584484
1990-01-31,82.72299668333763,33.939582531960696,58.33128960764916,58.33128960764916
1990-02-28,75.66444861355973,33.939582531960696,54.80201557276021,54.80201557276021
1990-03-31,71.75360462566758,33.939582531960696,52.84659357881414,52.84659357881414
1990-04-30,65.93203372022768,33.12408302305154,49.52805837163961,49.52805837163961
1990-05-31,64.51578018951506,33.12408302305154,48.8199316062833,48.8199316062833
1990-06-30,70.02681704583898,33.12408302305154,51.57545003444526,51.57545003444526
1990-07-31,75.09318501777386,32.40430308997476,53.74874405387431,53.74874405387431
1990-08-31,75.57089155019987,32.40430308997476,53.98759732008732,53.98759732008732
1990-09-30,71.6134178488622,32.40430308997476,52.00886046941848,52.00886046941848
1990-10-31,66.08849129066085,31.27746264584132,48.68297696825109,48.68297696825109
1990-11-30,67.20631465532209,31.27746264584132,49.24188865058171,49.24188865058171
1990-12-31,76.14900078476815,31.27746264584132,53.71323171530474,53.71323171530474
1991-01-31,84.33231707014596,30.302935563325335,57.31762631673565,57.31762631673565
1991-02-28,76.036394987405,30.302935563325335,53.16966527536517,53.16966527536517
1991-03-31,71.93496444732381,30.302935563325335,51.11895000532457,51.11895000532457
1991-04-30,65.82567828870936,30.80288947726971,48.31428388298953,48.31428388298953
1991-05-31,67.4558332283338,30.80288947726971,49.12936135280175,49.12936135280175
1991-06-30,73.37929501826001,30.80288947726971,52.09109224776486,52.09109224776486
1991-07-31,78.52463586658345,31.319721309933286,54.92217858825837,54.92217858825837
1991-08-31,77.60245887408092,31.319721309933286,54.461090092007105,54.461090092007105
1991-09-30,72.13686118532732,31.319721309933286,51.7282912476303,51.7282912476303
1991-10-31,67.39174217538528,31.535571848076785,49.46365701173103,49.46365701173103
1991-11-30,71.06477462470521,31.535571848076785,51.300173236391,51.300173236391
1991-12-31,77.92876765604336,31.535571848076785,54.732169752060074,54.732169752060074
1992-01-31,83.61362421014724,32.38712290293188,58.00037355653956,58.00037355653956
1992-02-29,78.59210013284508,32.38712290293188,55.48961151788848,55.48961151788848
1992-03-31,73.04217211126446,32.38712290293188,52.71464750709817,52.71464750709817
1992-04-30,68.251217085127,33.6438042078979,50.94751064651245,50.94751064651245
1992-05-31,65.84839787249453,33.6438042078979,49.746101040196216,49.746101040196216
1992-06-30,69.7983314499559,33.6438042078979,51.7210678289269,51.7210678289269
1992-07-31,75.9616882337359,34.02611572682483,54.99390198028036,54.99390198028036
1992-08-31,75.03603881576402,34.02611572682483,54.53107727129442,54.53107727129442
1992-09-30,70.92061936164914,34.02611572682483,52.473367544236986,52.473367544236986
1992-10-31,67.66447639296348,35.40850419554699,51.53649029425523,51.53649029425523
1992-11-30,72.04389939490505,35.40850419554699,53.72620179522602,53.72620179522602
1992-12-31,82.85693309429818,35.40850419554699,59.13271864492259,59.13271864492259
1993-01-31,86.22558264819072,35.801837309081705,61.013709978636214,61.013709978636214
1993-02-28,82.86685430992489,35.801837309081705,59.3343458095033,59.3343458095033
1993-03-31,77.87936000222236,35.801837309081705,56.84059865565203,56.84059865565203
1993-04-30,69.65496988414996,36.61278784263615,53.13387886339306,53.13387886339306
1993-05-31,66.36936090505297,36.61278784263615,51.49107437384456,51.49107437384456
1993-06-30,72.85783592492021,36.61278784263615,54.73531188377818,54.73531188377818
1993-07-31,80.46730909844922,37.69786681604624,59.08258795724773,59.08258795724773
1993-08-31,80.42236599166024,37.69786681604624,59.06011640385324,59.06011640385324
1993-09-30,73.1333480828739,37.69786681604624,55.41560744946007,55.41560744946007
1993-10-31,68.28941376528984,39.5158271759988,53.90262047064432,53.90262047064432
1993-11-30,72.93353480015199,39.5158271759988,56.22468098807539,56.22468098807539
1993-12-31,82.54927619771397,39.5158271759988,61.03255168685638,61.03255168685638
1994-01-31,92.25847544647951,40.387845366249735,66.32316040636462,66.32316040636462
1994-02-28,85.42087284870841,40.387845366249735,62.904359107479074,62.904359107479074
1994-03-31,77.67081604974894,40.387845366249735,59.029330707999335,59.029330707999335
1994-04-30,69.5656789435096,41.606847881651625,55.58626341258061,55.58626341258061
1994-05-31,68.01340554655481,41.606847881651625,54.81012671410322,54.81012671410322
1994-06-30,76.42352082115917,41.606847881651625,59.015184351405395,59.015184351405395
1994-07-31,81.63235744949358,41.82436738116604,61.72836241532981,61.72836241532981
1994-08-31,80.26739660357104,41.82436738116604,61.04588199236854,61.04588199236854
1994-09-30,74.19452130630661,41.82436738116604,58.00944434373633,58.00944434373633
1994-10-31,69.8573626829348,42.44796399805825,56.15266334049653,56.15266334049653
1994-11-30,73.76185709282586,42.44796399805825,58.10491054544205,58.10491054544205
1994-12-31,83.14564046903538,42.44796399805825,62.79680223354681,62.79680223354681
1995-01-31,90.63566220641883,42.927938118796874,66.78180016260785,66.78180016260785
1995-02-28,85.67674099972122,42.927938118796874,64.30233955925905,64.30233955925905
1995-03-31,79.66974257421813,42.927938118796874,61.298840346507504,61.298840346507504
1995-04-30,72.36465229611653,42.54834639932708,57.4564993477218,57.4564993477218
1995-05-31,71.83168459264976,42.54834639932708,57.19001549598842,57.19001549598842
1995-06-30,76.76699330615581,42.54834639932708,59.65766985274145,59.65766985274145
1995-07-31,84.28449681082523,43.69015357319688,63.987325192011056,63.987325192011056
1995-08-31,87.76743876873745,43.69015357319688,65.72879617096717,65.72879617096717
1995-09-30,76.95648852462594,43.69015357319688,60.32332104891141,60.32332104891141
1995-10-31,72.25680868225423,44.6371337980252,58.44697124013972,58.44697124013972
1995-11-30,78.07649455672505,44.6371337980252,61.35681417737513,61.35681417737513
1995-12-31,89.02515127373528,44.6371337980252,66.83114253588023,66.83114253588023
1996-01-31,97.01510306654853,45.82383523689279,71.41946915172066,71.41946915172066
1996-02-29,91.05394065724084,45.82383523689279,68.43888794706682,68.43888794706682
1996-03-31,85.22760756830013,45.82383523689279,65.52572140259646,65.52572140259646
1996-04-30,75.71266572150552,47.52379005893937,61.61822789022244,61.61822789022244
1996-05-31,75.18713892975877,47.52379005893937,61.35546449434907,61.35546449434907
1996-06-30,80.32980104986302,47.52379005893937,63.926795554401195,63.926795554401195
1996-07-31,84.274377170886,48.391457166513355,66.33291716869968,66.33291716869968
1996-08-31,84.85288325407936,48.391457166513355,66.62217021029636,66.62217021029636
1996-09-30,77.6389689475872,48.391457166513355,63.015213057050275,63.015213057050275
1996-10-31,73.21033671613716,48.69658258411228,60.95345965012472,60.95345965012472
1996-11-30,79.45425377080603,48.69658258411228,64.07541817745916,64.07541817745916
1996-12-31,88.692592125928,48.69658258411228,68.69458735502013,68.69458735502013
1997-01-31,96.50634312921093,49.435965558162735,72.97115434368683,72.97115434368683
1997-02-28,88.00415897359072,49.435965558162735,68.72006226587672,68.72006226587672
1997-03-31,81.37678693494956,49.435965558162735,65.40637624655615,65.40637624655615
1997-04-30,74.64524213222798,50.39805163474345,62.521646883485715,62.521646883485715
1997-05-31,72.39590412534068,50.39805163474345,61.396977880042066,61.396977880042066
1997-06-30,78.1972357509021,50.39805163474345,64.29764369282277,64.29764369282277
1997-07-31,86.70269390767912,51.87247556559399,69.28758473663655,69.28758473663655
1997-08-31,86.04977870728544,51.87247556559399,68.96112713643971,68.96112713643971
1997-09-30,80.31442316564164,51.87247556559399,66.09344936561781,66.09344936561781
1997-10-31,75.9619858702047,52.43578154066961,64.19888370543715,64.19888370543715
1997-11-30,80.41224635172098,52.43578154066961,66.42401394619529,66.42401394619529
1997-12-31,90.26540243923009,52.43578154066961,71.35059198994985,71.35059198994985
1998-01-31,92.91178749549826,53.73998348597467,73.32588549073647,73.32588549073647
1998-02-28,86.0840069011976,53.73998348597467,69.91199519358614,69.91199519358614
1998-03-31,84.8415730682649,53.73998348597467,69.29077827711978,69.29077827711978
1998-04-30,75.23505840123578,55.66578425946343,65.4504213303496,65.4504213303496
1998-05-31,76.48840557135784,55.66578425946343,66.07709491541064,66.07709491541064
1998-06-30,84.74374988218557,55.66578425946343,70.2047670708245,70.2047670708245
1998-07-31,91.9712562540863,57.16841100987425,74.56983363198027,74.56983363198027
1998-08-31,91.66598044925249,57.16841100987425,74.41719572956336,74.41719572956336
1998-09-30,85.79837510330465,57.16841100987425,71.48339305658945,71.48339305658945
1998-10-31,78.50588476904899,58.886479601345854,68.69618218519742,68.69618218519742
1998-11-30,79.8199497788065,58.886479601345854,69.35321469007619,69.35321469007619
1998-12-31,89.86746248044281,58.886479601345854,74.37697104089433,74.37697104089433
1999-01-31,100.12084040633331,59.8613736282363,79.9911070172848,79.9911070172848
1999-02-28,89.39054964526693,59.8613736282363,74.62596163675161,74.62596163675161
1999-03-31,88.95719094669232,59.8613736282363,74.40928228746431,74.40928228746431
1999-04-30,78.91642467168218,61.383865425177305,70.15014504842975,70.15014504842975
1999-05-31,77.82935707546375,61.383865425177305,69.60661125032053,69.60661125032053
1999-06-30,86.11982248961002,61.383865425177305,73.75184395739366,73.75184395739366
1999-07-31,95.55589067217228,62.585882238201634,79.07088645518695,79.07088645518695
1999-08-31,94.50602763455402,62.585882238201634,78.54595493637783,78.54595493637783
1999-09-30,85.50232602900367,62.585882238201634,74.04410413360264,74.04410413360264
1999-10-31,79.02883204473278,63.29140181791796,71.16011693132538,71.16011693132538
1999-11-30,80.56781101274777,63.29140181791796,71.92960641533287,71.92960641533287
1999-12-31,92.6228816964485,63.29140181791796,77.95714175718322,77.95714175718322
2000-01-31,100.17004963584179,65.17491992841819,82.67248478213,82.67248478213
2000-02-29,92.37594263949973,65.17491992841819,78.77543128395897,78.77543128395897
2000-03-31,86.34056953730426,65.17491992841819,75.75774473286123,75.75774473286123
2000-04-30,79.81211201846139,66.32138507100053,73.06674854473096,73.06674854473096
2000-05-31,82.80008452875714,66.32138507100053,74.56073479987884,74.56073479987884
2000-06-30,89.25581953705624,66.32138507100053,77.78860230402839,77.78860230402839
2000-07-31,94.11483410239289,66.47594624132728,80.29539017186008,80.29539017186008
2000-08-31,97.41056272142913,66.47594624132728,81.9432544813782,81.9432544813782
2000-09-30,88.88665110358642,66.47594624132728,77.68129867245685,77.68129867245685
2000-10-31,81.48502739743695,66.93661228909299,74.21081984326497,74.21081984326497
2000-11-30,86.24244871475612,66.93661228909299,76.58953050192456,76.58953050192456
2000-12-31,100.35865194490552,66.93661228909299,83.64763211699926,83.64763211699926
2001-01-31,106.85913163568105,67.20647565653398,87.03280364610751,87.03280364610751
2001-02-28,95.18414272263952,67.20647565653398,81.19530918958675,81.19530918958675
2001-03-31,90.94381516378438,67.20647565653398,79.07514541015918,79.07514541015918
2001-04-30,81.24582688867702,67.6409887278723,74.44340780827466,74.44340780827466
2001-05-31,80.90334652524305,67.6409887278723,74.27216762655767,74.27216762655767
2001-06-30,88.60647597428817,67.6409887278723,78.12373235108024,78.12373235108024
2001-07-31,94.1413237481162,68.07542135075765,81.10837254943692,81.10837254943692
2001-08-31,97.54707864845264,68.07542135075765,82.81124999960514,82.81124999960514
2001-09-30,86.50407117083242,68.07542135075765,77.28974626079503,77.28974626079503
2001-10-31,81.01853183866913,67.17255138733621,74.09554161300267,74.09554161300267
2001-11-30,81.25842683252293,67.17255138733621,74.21548910992956,74.21548910992956
2001-12-31,91.16188348325944,67.17255138733621,79.16721743529783,79.16721743529783
2002-01-31,100.91612505097025,67.69189272892777,84.30400888994902,84.30400888994902
2002-02-28,93.29206769046998,67.69189272892777,80.49198020969888,80.49198020969888
2002-03-31,91.38699586582946,67.69189272892777,79.53944429737862,79.53944429737862
2002-04-30,84.0980771691994,68.58988465034615,76.34398090977277,76.34398090977277
2002-05-31,83.56312522260727,68.58988465034615,76.07650493647671,76.07650493647671
2002-06-30,91.36328416048161,68.58988465034615,79.97658440541389,79.97658440541389
2002-07-31,100.36212437037484,68.72360793941668,84.54286615489576,84.54286615489576
2002-08-31,99.59838919143085,68.72360793941668,84.16099856542377,84.16099856542377
2002-09-30,91.43670115611926,68.72360793941668,80.08015454776796,80.08015454776796
2002-10-31,85.15121420797446,69.82200623170955,77.486610219842,77.486610219842
2002-11-30,86.78851242285015,69.82200623170955,78.30525932727986,78.30525932727986
2002-12-31,98.7498276188785,69.82200623170955,84.28591692529403,84.28591692529403
2003-01-31,107.92209067792658,71.57959484112192,89.75084275952425,89.75084275952425
2003-02-28,101.7198427288899,71.57959484112192,86.64971878500592,86.64971878500592
2003-03-31,92.64917291785927,71.57959484112192,82.11438387949059,82.11438387949059
2003-04-30,83.37551503510622,73.05336395825375,78.21443949667999,78.21443949667999
2003-05-31,83.79528166827225,73.05336395825375,78.424322813263,78.424322813263
2003-06-30,89.295107550938,73.05336395825375,81.17423575459588,81.17423575459588
2003-07-31,100.19673770587762,76.5255710220525,88.36115436396506,88.36115436396506
2003-08-31,102.39289799700578,76.5255710220525,89.45923450952914,89.45923450952914
2003-09-30,91.06852484421212,76.5255710220525,83.79704793313232,83.79704793313232
2003-10-31,84.78383159331746,79.2631252714003,82.02347843235887,82.02347843235887
2003-11-30,86.81133121879157,79.2631252714003,83.03722824509593,83.03722824509593
2003-12-31,101.45921239437625,79.2631252714003,90.36116883288827,90.36116883288827
2004-01-31,111.40790978837055,80.78748969213976,96.09769974025515,96.09769974025515
2004-02-29,104.02136632997367,80.78748969213976,92.40442801105672,92.40442801105672
2004-03-31,93.49078963947294,80.78748969213976,87.13913966580634,87.13913966580634
2004-04-30,85.01013452176268,84.42115966856694,84.71564709516481,84.71564709516481
2004-05-31,87.29608181431254,84.42115966856694,85.85862074143975,85.85862074143975
2004-06-30,93.63524253899782,84.42115966856694,89.02820110378238,89.02820110378238
2004-07-31,99.7827253777751,86.8495357685558,93.31613057316545,93.31613057316545
2004-08-31,98.21755440050559,86.8495357685558,92.53354508453069,92.53354508453069
2004-09-30,92.15896565374362,86.8495357685558,89.50425071114971,89.50425071114971
2004-10-31,85.78051691517658,89.36823716811404,87.5743770416453,87.5743770416453
2004-11-30,87.79025756467888,89.36823716811404,88.57924736639646,88.57924736639646
2004-12-31,103.57262974717767,89.36823716811404,96.47043345764585,96.47043345764585
2005-01-31,108.91937127272331,92.26573849952773,100.59255488612553,100.59255488612553
2005-02-28,99.6352961135622,92.26573849952773,95.95051730654497,95.95051730654497
2005-03-31,96.97948590244866,92.26573849952773,94.62261220098819,94.62261220098819
2005-04-30,84.7114067192425,95.10651267675675,89.90895969799962,89.90895969799962
2005-05-31,85.3946808394539,95.10651267675675,90.25059675810533,90.25059675810533
2005-06-30,97.47386007712753,95.10651267675675,96.29018637694213,96.29018637694213
2005-07-31,106.3303308427775,98.26720386945769,102.2987673561176,102.2987673561176
2005-08-31,107.49299810207145,98.26720386945769,102.88010098576457,102.88010098576457
2005-09-30,97.29607189309692,98.26720386945769,97.7816378812773,97.7816378812773
2005-10-31,88.12241986386108,99.86954469397867,93.99598227891988,93.99598227891988
2005-11-30,88.57214856821976,99.86954469397867,94.22084663109922,94.22084663109922
2005-12-31,106.03457940494532,99.86954469397867,102.952062049462,102.952062049462
2006-01-31,102.43327734460648,101.6512200667534,102.04224870567994,102.04224870567994
2006-02-28,99.32376994288356,101.6512200667534,100.48749500481847,100.48749500481847
2006-03-31,96.45266935267044,101.6512200667534,99.05194470971192,99.05194470971192
2006-04-30,85.71245737597737,99.67792732032416,92.69519234815075,92.69519234815075
2006-05-31,88.19018176659151,99.67792732032416,93.93405454345783,93.93405454345783
2006-06-30,98.49554686236594,99.67792732032416,99.08673709134504,99.08673709134504
2006-07-31,108.84119209358485,97.17536951125285,103.00828080241885,103.00828080241885
2006-08-31,109.44727915622046,97.17536951125285,103.31132433373665,103.31132433373665
2006-09-30,93.93893094933135,97.17536951125285,95.55715023029211,95.55715023029211
2006-10-31,88.62800501219814,95.43159986516,92.02980243867907,92.02980243867907
2006-11-30,90.48991954886249,95.43159986516,92.96075970701125,92.96075970701125
2006-12-31,101.01880963270666,95.43159986516,98.22520474893332,98.22520474893332
2007-01-31,109.83361129272447,93.92858508772335,101.88109819022391,101.88109819022391
2007-02-28,109.58379508324396,93.92858508772335,101.75619008548365,101.75619008548365
2007-03-31,97.21035259008215,93.92858508772335,95.56946883890275,95.56946883890275
2007-04-30,88.97772786303959,92.48035099612162,90.72903942958061,90.72903942958061
2007-05-31,90.20438696312581,92.48035099612162,91.34236897962371,91.34236897962371
2007-06-30,98.96442351288418,92.48035099612162,95.7223872545029,95.7223872545029
2007-07-31,105.48504327138195,89.66671399297552,97.57587863217873,97.57587863217873
2007-08-31,111.90357372108089,89.66671399297552,100.7851438570282,100.7851438570282
2007-09-30,99.54689808232824,89.66671399297552,94.60680603765188,94.60680603765188
2007-10-31,91.16446299932238,86.11435263755641,88.6394078184394,88.6394078184394
2007-11-30,92.01054426796807,86.11435263755641,89.06244845276224,89.06244845276224
2007-12-31,104.61128181113774,86.11435263755641,95.36281722434708,95.36281722434708
2008-01-31,112.55291728384896,82.59999065282611,97.57645396833753,97.57645396833753
2008-02-29,106.05620765501156,82.59999065282611,94.32809915391883,94.32809915391883
2008-03-31,98.42381647338485,82.59999065282611,90.51190356310548,90.51190356310548
2008-04-30,89.13944367775495,80.72498513740003,84.93221440757749,84.93221440757749
2008-05-31,89.3677308493255,80.72498513740003,85.04635799336276,85.04635799336276
2008-06-30,101.81101870049933,80.72498513740003,91.26800191894968,91.26800191894968
2008-07-31,108.5583382360674,78.01270613083744,93.28552218345243,93.28552218345243
2008-08-31,105.44456471162498,78.01270613083744,91.72863542123122,91.72863542123122
2008-09-30,95.78407863158658,78.01270613083744,86.898392381212,86.898392381212
2008-10-31,89.16742150582226,72.08893685409939,80.62817917996082,80.62817917996082
2008-11-30,91.89585501532332,72.08893685409939,81.99239593471135,81.99239593471135
2008-12-31,107.16659010795276,72.08893685409939,89.62776348102608,89.62776348102608
2009-01-31,114.44271043642435,65.43777255571817,89.94024149607125,89.94024149607125
2009-02-28,102.27979613886131,65.43777255571817,83.85878434728974,83.85878434728974
2009-03-31,95.77693535633533,65.43777255571817,80.60735395602674,80.60735395602674
2009-04-30,86.31447674020603,61.68405255660247,73.99926464840425,73.99926464840425
2009-05-31,85.7358714448564,61.68405255660247,73.70996200072943,73.70996200072943
2009-06-30,95.33732629191589,61.68405255660247,78.51068942425917,78.51068942425917
2009-07-31,101.80169275781023,62.20371559341339,82.00270417561181,82.00270417561181
2009-08-31,103.5984249078071,62.20371559341339,82.90107025061025,82.90107025061025
2009-09-30,92.93649132240874,62.20371559341339,77.57010345791107,77.57010345791107
2009-10-31,87.35422013788505,62.4253313837293,74.88977576080717,74.88977576080717
2009-11-30,87.43021664958563,62.4253313837293,74.92777401665747,74.92777401665747
2009-12-31,108.36675956231565,62.4253313837293,85.39604547302247,85.39604547302247
2010-01-31,116.54819081672439,61.53891959988853,89.04355520830646,89.04355520830646
2010-02-28,108.24641521676368,61.53891959988853,84.8926674083261,84.8926674083261
2010-03-31,96.11723305233143,61.53891959988853,78.82807632610998,78.82807632610998
2010-04-30,84.3081093040168,63.91733463374379,74.1127219688803,74.1127219688803
2010-05-31,88.78803422025695,63.91733463374379,76.35268442700037,76.35268442700037
2010-06-30,102.10905201792566,63.91733463374379,83.01319332583472,83.01319332583472
2010-07-31,110.5716505231953,62.226911736801355,86.39928112999833,86.39928112999833
2010-08-31,110.68336341115203,62.226911736801355,86.45513757397669,86.45513757397669
2010-09-30,98.05653307088411,62.226911736801355,80.14172240384273,80.14172240384273
2010-10-31,87.03793178370559,63.61823819057752,75.32808498714155,75.32808498714155
2010-11-30,90.71602405299517,63.61823819057752,77.16713112178634,77.16713112178634
2010-12-31,111.91686815002069,63.61823819057752,87.76755317029911,87.76755317029911
2011-01-31,117.00516200849056,63.644591828636734,90.32487691856365,90.32487691856365
2011-02-28,105.03293347527287,63.644591828636734,84.3387626519548,84.3387626519548
2011-03-31,96.91350981853104,63.644591828636734,80.27905082358389,80.27905082358389
2011-04-30,87.31483291184703,65.19525801406262,76.25504546295483,76.25504546295483
2011-05-31,88.03610528790873,65.19525801406262,76.61568165098566,76.61568165098566
2011-06-30,100.58495487335072,65.19525801406262,82.89010644370667,82.89010644370667
2011-07-31,112.32086005034026,67.53944441187103,89.93015223110564,89.93015223110564
2011-08-31,111.18259898148801,67.53944441187103,89.36102169667953,89.36102169667953
2011-09-30,97.3247442062581,67.53944441187103,82.43209430906457,82.43209430906457
2011-10-31,88.28473095151402,69.39405856916336,78.83939476033869,78.83939476033869
2011-11-30,91.64970965562468,69.39405856916336,80.52188411239402,80.52188411239402
2011-12-31,104.94602362638288,69.39405856916336,87.17004109777312,87.17004109777312
2012-01-31,109.36076615595556,72.39572093314568,90.87824354455063,90.87824354455063
2012-02-29,101.05720473718205,72.39572093314568,86.72646283516386,86.72646283516386
2012-03-31,91.30127656281469,72.39572093314568,81.84849874798019,81.84849874798019
2012-04-30,85.47226474565474,73.83860921922258,79.65543698243866,79.65543698243866
2012-05-31,90.63447166054362,73.83860921922258,82.2365404398831,82.2365404398831
2012-06-30,98.89418130624709,73.83860921922258,86.36639526273484,86.36639526273484
2012-07-31,110.72949706381623,74.91388397489536,92.8216905193558,92.8216905193558
2012-08-31,107.58129692114915,74.91388397489536,91.24759044802225,91.24759044802225
2012-09-30,94.64145222785858,74.91388397489536,84.77766810137697,84.77766810137697
2012-10-31,88.19682898106139,77.39814530121751,82.79748714113944,82.79748714113944
2012-11-30,92.12334848964375,77.39814530121751,84.76074689543063,84.76074689543063
2012-12-31,102.71662726290526,77.39814530121751,90.05738628206139,90.05738628206139
2013-01-31,112.72177637381553,79.79598482123245,96.25888059752398,96.25888059752398
2013-02-28,104.13188867205521,79.79598482123245,91.96393674664384,91.96393674664384
2013-03-31,100.40944856891426,79.79598482123245,90.10271669507335,90.10271669507335
2013-04-30,88.57978790425233,81.78348505037175,85.18163647731204,85.18163647731204
2013-05-31,88.6292947702296,81.78348505037175,85.20638991030069,85.20638991030069
2013-06-30,98.32807674258713,81.78348505037175,90.05578089647943,90.05578089647943
2013-07-31,107.76860947218141,83.82314660709844,95.79587803963992,95.79587803963992
2013-08-31,105.87931238038735,83.82314660709844,94.85122949374289,94.85122949374289
2013-09-30,97.01887312848669,83.82314660709844,90.42100986779256,90.42100986779256
2013-10-31,89.55494418820149,85.12772802429342,87.34133610624745,87.34133610624745
2013-11-30,94.81527192563851,85.12772802429342,89.97149997496597,89.97149997496597
2013-12-31,110.83307455495908,85.12772802429342,97.98040128962626,97.98040128962626
2014-01-31,121.2846783690712,86.68883676518155,103.98675756712638,103.98675756712638
2014-02-28,110.18849317569183,86.68883676518155,98.43866497043669,98.43866497043669
2014-03-31,102.0902017082349,86.68883676518155,94.38951923670822,94.38951923670822
2014-04-30,87.76466082836198,89.53198833595941,88.6483245821607,88.6483245821607
2014-05-31,89.74999528742258,89.53198833595941,89.640991811691,89.640991811691
2014-06-30,99.28854962740874,89.53198833595941,94.41026898168408,94.41026898168408
2014-07-31,106.10571452098883,92.07381685911041,99.08976569004962,99.08976569004962
2014-08-31,105.8685974675105,92.07381685911041,98.97120716331045,98.97120716331045
2014-09-30,98.0960195090784,92.07381685911041,95.0849181840944,95.0849181840944
2014-10-31,90.02699562772027,94.22706068077669,92.12702815424848,92.12702815424848
2014-11-30,96.9193633357508,94.22706068077669,95.57321200826374,95.57321200826374
2014-12-31,106.5805439008831,94.22706068077669,100.4038022908299,100.4038022908299
2015-01-31,117.32125193835749,95.49463707637568,106.40794450736658,106.40794450736658
2015-02-28,113.62897233072174,95.49463707637568,104.56180470354872,104.56180470354872
2015-03-31,101.71904903163976,95.49463707637568,98.60684305400773,98.60684305400773
2015-04-30,87.14547776109912,97.21438871210427,92.1799332366017,92.1799332366017
2015-05-31,88.61957197891543,97.21438871210427,92.91698034550984,92.91698034550984
2015-06-30,100.50925599811893,97.21438871210427,98.8618223551116,98.8618223551116
2015-07-31,109.3696952500196,99.3548672739924,104.36228126200601,104.36228126200601
2015-08-31,108.17230373603218,99.3548672739924,103.76358550501229,103.76358550501229
2015-09-30,99.41960888583758,99.3548672739924,99.387238079915,99.387238079915
2015-10-31,88.87990467696027,100.0,94.43995233848014,94.43995233848014
2015-11-30,90.10963935389074,100.0,95.05481967694537,95.05481967694537
2015-12-31,100.0,100.0,100.0,100.0
2016-01-31,114.26045770536173,101.55026864363091,107.90536317449633,107.90536317449633
2016-02-29,103.56429592605123,101.55026864363091,102.55728228484108,102.55728228484108
2016-03-31,92.08802896201266,101.55026864363091,96.81914880282179,96.81914880282179
2016-04-30,86.1490900757088,102.8348718645191,94.49198097011396,94.49198097011396
2016-05-31,87.42307337433442,102.8348718645191,95.12897261942676,95.12897261942676
2016-06-30,101.05551813052548,102.8348718645191,101.9451949975223,101.9451949975223
2016-07-31,111.58688851827637,104.09664633394375,107.84176742611007,107.84176742611007
2016-08-31,112.87724182268606,104.09664633394375,108.4869440783149,108.4869440783149
2016-09-30,99.92787276239383,104.09664633394375,102.0122595481688,102.0122595481688
2016-10-31,88.79825307235245,106.03498755550717,97.41662031392981,97.41662031392981
2016-11-30,90.50152737114574,106.03498755550717,98.26825746332645,98.26825746332645
2016-12-31,111.41296960834018,106.03498755550717,108.72397858192367,108.72397858192367
2017-01-31,113.9090482478637,108.3542104096702,111.13162932876695,111.13162932876695
2017-02-28,97.43576260912099,108.3542104096702,102.8949865093956,102.8949865093956
2017-03-31,98.84844450220797,108.3542104096702,103.60132745593909,103.60132745593909
2017-04-30,85.23048472083188,110.10936169297493,97.6699232069034,97.6699232069034
2017-05-31,88.50101345217627,110.10936169297493,99.30518757257559,99.30518757257559
2017-06-30,98.41280392403921,110.10936169297493,104.26108280850707,104.26108280850707
2017-07-31,108.98693475114118,111.37025574136618,110.17859524625368,110.17859524625368
2017-08-31,105.55260674979985,111.37025574136618,108.46143124558301,108.46143124558301
2017-09-30,95.05506770733604,111.37025574136618,103.21266172435111,103.21266172435111
2017-10-31,90.09674177357604,114.26873047067795,102.182736122127,102.182736122127
2017-11-30,94.99077823007497,114.26873047067795,104.62975435037646,104.62975435037646
2017-12-31,113.52618853682903,114.26873047067795,113.89745950375348,113.89745950375348
2018-01-31,125.38085066487025,115.97987495250699,120.68036280868861,120.68036280868861
2018-02-28,105.35269425492166,115.97987495250699,110.66628460371433,110.66628460371433
2018-03-31,102.31154402886678,115.97987495250699,109.14570949068688,109.14570949068688
2018-04-30,91.70229209844624,118.14896247928624,104.92562728886624,104.92562728886624
2018-05-31,92.34479002243188,118.14896247928624,105.24687625085906,105.24687625085906
2018-06-30,102.44478595473348,118.14896247928624,110.29687421700986,110.29687421700986
2018-07-31,112.20071412910082,118.62952284627858,115.4151184876897,115.4151184876897
2018-08-31,112.15259623331126,118.62952284627858,115.39105953979492,115.39105953979492
2018-09-30,100.60122566697851,118.62952284627858,109.61537425662854,109.61537425662854
2018-10-31,93.73782790857798,118.32648902750844,106.0321584680432,106.0321584680432
2018-11-30,100.57344626322376,118.32648902750844,109.4499676453661,109.4499676453661
2018-12-31,109.69838512373245,118.32648902750844,114.01243707562045,114.01243707562045
2019-01-31,119.1064754782274,118.65799585666022,118.88223566744381,118.88223566744381
2019-02-28,109.09090909090908,118.65799585666022,113.87445247378466,113.87445247378466
2019-03-31,103.6252121899992,118.65799585666022,111.1416040233297,111.1416040233297
2019-04-30,87.56087905938939,121.26319752956915,104.41203829447927,104.41203829447927
2019-05-31,91.89317628710411,121.26319752956915,106.57818690833663,106.57818690833663
2019-06-30,98.90261433952979,121.26319752956915,110.08290593454947,110.08290593454947
2019-07-31,113.02090102496078,123.23230350511136,118.12660226503607,118.12660226503607
2019-08-31,111.46971896172495,123.23230350511136,117.35101123341815,117.35101123341815
2019-09-30,102.32136603233721,123.23230350511136,112.77683476872429,112.77683476872429
2019-10-31,93.08173791918377,123.45605559876256,108.26889675897317,108.26889675897317
2019-11-30,99.1880477131102,123.45605559876256,111.32205165593638,111.32205165593638
2019-12-31,109.05638326052814,123.45605559876256,116.25621942964534,116.25621942964534
2020-01-31,112.07421862986028,124.83927791135258,118.45674827060643,118.45674827060643
2020-02-29,105.781489194308,124.83927791135258,115.31038355283029,115.31038355283029
2020-03-31,95.82842646543796,124.83927791135258,110.33385218839527,110.33385218839527
2020-04-30,85.4829796585316,115.73801269642067,100.61049617747614,100.61049617747614
2020-05-31,86.6331461861359,115.73801269642067,101.18557944127829,101.18557944127829
2020-06-30,99.01323589376759,115.73801269642067,107.37562429509413,107.37562429509413
2020-07-31,114.3154212399337,128.06984613165199,121.19263368579284,121.19263368579284
2020-08-31,111.07366403390675,128.06984613165199,119.57175508277936,119.57175508277936
2020-09-30,97.29914746994119,128.06984613165199,112.68449680079658,112.68449680079658
2020-10-31,91.00522748851373,136.25236745020132,113.62879746935752,113.62879746935752
2020-11-30,92.2479589579152,136.25236745020132,114.25016320405825,114.25016320405825
2020-12-31,111.75138227336718,136.25236745020132,124.00187486178424,124.00187486178424
2021-01-31,116.042109607606,140.90298482930422,128.4725472184551,128.4725472184551
2021-02-28,113.18341053692626,140.90298482930422,127.04319768311524,127.04319768311524
2021-03-31,97.91793368857898,140.90298482930422,119.4104592589416,119.4104592589416
2021-04-30,86.91113864799625,144.53985398349866,115.72549631574745,115.72549631574745
2021-05-31,89.02227412120352,144.53985398349866,116.7810640523511,116.7810640523511
2021-06-30,103.40833441639938,144.53985398349866,123.97409419994902,123.97409419994902
2021-07-31,111.66040472607028,147.6417458796596,129.65107530286494,129.65107530286494
2021-08-31,113.32756579998235,147.6417458796596,130.48465583982096,130.48465583982096
2021-09-30,99.75772391439578,147.6417458796596,123.6997348970277,123.6997348970277
2021-10-31,90.92774279446913,152.24132587765567,121.5845343360624,121.5845343360624
2021-11-30,97.18356530789004,152.24132587765567,124.71244559277285,124.71244559277285
2021-12-31,107.30260997419492,152.24132587765567,129.7719679259253,129.7719679259253
2022-01-31,124.70938279125465,157.14102630450304,140.92520454787885,140.92520454787885
2022-02-28,112.79430046004677,157.14102630450304,134.9676633822749,134.9676633822749
2022-03-31,101.80397463740437,157.14102630450304,129.47250047095372,129.47250047095372
2022-04-30,90.68129979830168,160.06583151131207,125.37356565480687,125.37356565480687
2022-05-31,93.60041907214807,160.06583151131207,126.83312529173007,126.83312529173007
2022-06-30,104.22098118838304,160.06583151131207,132.14340634984757,132.14340634984757
2022-07-31,115.12469479860428,157.98040280191378,136.55254880025905,136.55254880025905
2022-08-31,113.86212089794938,157.98040280191378,135.92126184993157,135.92126184993157
2022-09-30,100.19901958547177,157.98040280191378,129.08971119369278,129.08971119369278
2022-10-31,90.37741296365562,155.69496381860841,123.03618839113201,123.03618839113201
2022-11-30,99.10123707637649,155.69496381860841,127.39810044749245,127.39810044749245
2022-12-31,117.43802464628385,155.69496381860841,136.56649423244613,136.56649423244613
2023-01-31,115.28720431056976,155.8999082512507,135.59355628091024,135.59355628091024
2023-02-28,105.59834355383897,155.8999082512507,130.74912590254485,130.74912590254485
2023-03-31,104.06224173835572,155.8999082512507,129.9810749948032,129.9810749948032
2023-04-30,89.48063428315744,158.4396954792344,123.96016488119591,123.96016488119591
2023-05-31,91.21625174489381,158.4396954792344,124.8279736120641,124.8279736120641
2023-06-30,100.4843537468959,158.4396954792344,129.46202461306515,129.46202461306515
2023-07-31,116.54640499791158,162.18552764243017,139.36596632017088,139.36596632017088
2023-08-31,116.98770066898759,162.18552764243017,139.58661415570887,139.58661415570887
2023-09-30,103.37866998167551,162.18552764243017,132.78209881205285,132.78209881205285
2023-10-31,93.59625216158486,164.79328493774932,129.1947685496671,129.1947685496671
2023-11-30,98.69555856940039,164.79328493774932,131.74442175357484,131.74442175357484
2023-12-31,108.19184853081678,164.79328493774932,136.49256673428306,136.49256673428306
2024-01-31,123.9517987659992,167.09912374051217,145.52546125325568,145.52546125325568
2024-02-29,105.47839605691208,167.09912374051217,136.28875989871213,136.28875989871213
2024-03-31,97.82874196009487,167.09912374051217,132.46393285030354,132.46393285030354
2024-04-30,90.16380919121258,168.3922460543146,129.2780276227636,129.2780276227636
2024-05-31,95.47463591618953,168.3922460543146,131.93344098525205,131.93344098525205
2024-06-30,108.6749125196812,168.3922460543146,138.5335792869979,138.5335792869979
2024-07-31,119.23465758412446,169.35633421405197,144.29549589908822,144.29549589908822
2024-08-31,117.76770664155937,169.35633421405197,143.56202042780566,143.56202042780566
2024-09-30,103.03112979827192,169.35633421405197,136.19373200616195,136.19373200616195
2024-10-31,94.9427595464417,170.3832118069369,132.66298567668932,132.66298567668932
2024-11-30,97.3072828667551,170.3832118069369,133.845247336846,133.845247336846
2024-12-31,114.97468601832846,170.3832118069369,142.67894891263268,142.67894891263268
2025-01-31,131.79650396203746,172.84997803087106,152.32324099645427,152.32324099645427
2025-02-28,115.64575704331901,172.84997803087106,144.24786753709503,144.24786753709503
2025-03-31,100.33821424071449,172.84997803087106,136.59409613579277,136.59409613579277
2025-04-30,92.62417145447998,173.5498297163697,133.08700058542485,133.08700058542485
2025-05-31,94.57904778156659,173.5498297163697,134.06443874896814,134.06443874896814
2025-06-30,108.37787132381757,173.5498297163697,140.96385052009362,140.96385052009362
2025-07-31,121.76397229599749,174.39564292476626,148.07980761038186,148.07980761038186
2025-08-31,116.45463375336453,174.39564292476626,145.4251383390654,145.4251383390654
2025-09-30,104.16284286481053,174.39564292476626,139.2792428947884,139.2792428947884
2025-10-31,97.19487549370449,175.71642129934725,136.45564839652587,136.45564839652587
2025-11-30,100.538622796374,,100.538622796374,100.538622796374
2025-12-31,116.61515902220468,,116.61515902220468,116.61515902220468
2026-01-31,133.72905755396397,,133.72905755396397,133.72905755396397
