Date,Capex_Macro_Comp,Capex_IT_Equip,Capex_Constr,Capex_Hyperscaler,Capex_Supply
1947-01-31,,1.309435355895003,0.9925532510538231,,1.150994303474413
1947-02-28,,1.309435355895003,0.9925532510538231,,1.150994303474413
1947-03-31,,1.309435355895003,0.9925532510538231,,1.150994303474413
1947-04-30,,1.3356644154121602,1.006670879292279,,1.1711676473522195
1947-05-31,,1.3356644154121602,1.006670879292279,,1.1711676473522195
1947-06-30,,1.3356644154121602,1.006670879292279,,1.1711676473522195
1947-07-31,,1.3196989009234559,1.0142696027067453,,1.1669842518151006
1947-08-31,,1.3196989009234559,1.0142696027067453,,1.1669842518151006
1947-09-30,,1.3196989009234559,1.0142696027067453,,1.1669842518151006
1947-10-31,,1.4094391279671075,1.0614216811575654,,1.2354304045623365
1947-11-30,,1.4094391279671075,1.0614216811575654,,1.2354304045623365
1947-12-31,,1.4094391279671075,1.0614216811575654,,1.2354304045623365
1948-01-31,,1.5205836711384726,1.1290503195463164,,1.3248169953423945
1948-02-29,,1.5205836711384726,1.1290503195463164,,1.3248169953423945
1948-03-31,,1.5205836711384726,1.1290503195463164,,1.3248169953423945
1948-04-30,,1.4612831887518563,1.1218115356620089,,1.2915473622069324
1948-05-31,,1.4612831887518563,1.1218115356620089,,1.2915473622069324
1948-06-30,,1.4612831887518563,1.1218115356620089,,1.2915473622069324
1948-07-31,,1.5026882592939907,1.163044608505771,,1.332866433899881
1948-08-31,,1.5026882592939907,1.163044608505771,,1.332866433899881
1948-09-30,,1.5026882592939907,1.163044608505771,,1.332866433899881
1948-10-31,,1.5788314822401197,1.2061973588437143,,1.392514420541917
1948-11-30,,1.5788314822401197,1.2061973588437143,,1.392514420541917
1948-12-31,,1.5788314822401197,1.2061973588437143,,1.392514420541917
1949-01-31,,1.4760205867414298,1.1431279545036432,,1.3095742706225364
1949-02-28,,1.4760205867414298,1.1431279545036432,,1.3095742706225364
1949-03-31,,1.4760205867414298,1.1431279545036432,,1.3095742706225364
1949-04-30,,1.4114567479299658,1.0988553922940947,,1.2551560701120303
1949-05-31,,1.4114567479299658,1.0988553922940947,,1.2551560701120303
1949-06-30,,1.4114567479299658,1.0988553922940947,,1.2551560701120303
1949-07-31,,1.3312782850581204,1.0443045568344518,,1.187791420946286
1949-08-31,,1.3312782850581204,1.0443045568344518,,1.187791420946286
1949-09-30,,1.3312782850581204,1.0443045568344518,,1.187791420946286
1949-10-31,,1.3014525986506507,1.024947808768127,,1.1632002037093887
1949-11-30,,1.3014525986506507,1.024947808768127,,1.1632002037093887
1949-12-31,,1.3014525986506507,1.024947808768127,,1.1632002037093887
1950-01-31,,1.327243045132404,1.0552627158637349,,1.1912528804980695
1950-02-28,,1.327243045132404,1.0552627158637349,,1.1912528804980695
1950-03-31,,1.327243045132404,1.0552627158637349,,1.1912528804980695
1950-04-30,,1.5012846975806982,1.1540061269706687,,1.3276454122756833
1950-05-31,,1.5012846975806982,1.1540061269706687,,1.3276454122756833
1950-06-30,,1.5012846975806982,1.1540061269706687,,1.3276454122756833
1950-07-31,,1.6968183887637864,1.2761856008190624,,1.4865019947914244
1950-08-31,,1.6968183887637864,1.2761856008190624,,1.4865019947914244
1950-09-30,,1.6968183887637864,1.2761856008190624,,1.4865019947914244
1950-10-31,,1.720152602247278,1.3165388214779916,,1.5183457118626347
1950-11-30,,1.720152602247278,1.3165388214779916,,1.5183457118626347
1950-12-31,,1.720152602247278,1.3165388214779916,,1.5183457118626347
1951-01-31,,1.7003272930470184,1.3253373433263211,,1.5128323181866699
1951-02-28,,1.7003272930470184,1.3253373433263211,,1.5128323181866699
1951-03-31,,1.7003272930470184,1.3253373433263211,,1.5128323181866699
1951-04-30,,1.7256791264933675,1.3647307252381602,,1.5452049258657639
1951-05-31,,1.7256791264933675,1.3647307252381602,,1.5452049258657639
1951-06-30,,1.7256791264933675,1.3647307252381602,,1.5452049258657639
1951-07-31,,1.771821217817865,1.393485894369746,,1.5826535560938053
1951-08-31,,1.771821217817865,1.393485894369746,,1.5826535560938053
1951-09-30,,1.771821217817865,1.393485894369746,,1.5826535560938053
1951-10-31,,1.77568101252942,1.385447244862863,,1.5805641286961416
1951-11-30,,1.77568101252942,1.385447244862863,,1.5805641286961416
1951-12-31,,1.77568101252942,1.385447244862863,,1.5805641286961416
1952-01-31,,1.7911201913756396,1.4050039593348318,,1.5980620753552357
1952-02-29,,1.7911201913756396,1.4050039593348318,,1.5980620753552357
1952-03-31,,1.7911201913756396,1.4050039593348318,,1.5980620753552357
1952-04-30,,1.8264724020291994,1.4303596995704722,,1.6284160507998358
1952-05-31,,1.8264724020291994,1.4303596995704722,,1.6284160507998358
1952-06-30,,1.8264724020291994,1.4303596995704722,,1.6284160507998358
1952-07-31,,1.5501461897247,1.315459002887515,,1.4328025963061075
1952-08-31,,1.5501461897247,1.315459002887515,,1.4328025963061075
1952-09-30,,1.5501461897247,1.315459002887515,,1.4328025963061075
1952-10-31,,1.7427850348741225,1.4323993569080395,,1.587592195891081
1952-11-30,,1.7427850348741225,1.4323993569080395,,1.587592195891081
1952-12-31,,1.7427850348741225,1.4323993569080395,,1.587592195891081
1953-01-31,,1.8636667874314556,1.5113860871373608,,1.6875264372844083
1953-02-28,,1.8636667874314556,1.5113860871373608,,1.6875264372844083
1953-03-31,,1.8636667874314556,1.5113860871373608,,1.6875264372844083
1953-04-30,,1.8690178664633839,1.5383415586181524,,1.703679712540768
1953-05-31,,1.8690178664633839,1.5383415586181524,,1.703679712540768
1953-06-30,,1.8690178664633839,1.5383415586181524,,1.703679712540768
1953-07-31,,1.9408626816625536,1.584293838635109,,1.7625782601488313
1953-08-31,,1.9408626816625536,1.584293838635109,,1.7625782601488313
1953-09-30,,1.9408626816625536,1.584293838635109,,1.7625782601488313
1953-10-31,,1.8812990314546953,1.5677366202477985,,1.724517825851247
1953-11-30,,1.8812990314546953,1.5677366202477985,,1.724517825851247
1953-12-31,,1.8812990314546953,1.5677366202477985,,1.724517825851247
1954-01-31,,1.80445402765192,1.5330224522280258,,1.668738239939973
1954-02-28,,1.80445402765192,1.5330224522280258,,1.668738239939973
1954-03-31,,1.80445402765192,1.5330224522280258,,1.668738239939973
1954-04-30,,1.791646527018124,1.5261036145927485,,1.6588750708054363
1954-05-31,,1.791646527018124,1.5261036145927485,,1.6588750708054363
1954-06-30,,1.791646527018124,1.5261036145927485,,1.6588750708054363
1954-07-31,,1.8536664102242453,1.554898777005463,,1.7042825936148542
1954-08-31,,1.8536664102242453,1.554898777005463,,1.7042825936148542
1954-09-30,,1.8536664102242453,1.554898777005463,,1.7042825936148542
1954-10-31,,1.852964629367599,1.5553387030978796,,1.7041516662327392
1954-11-30,,1.852964629367599,1.5553387030978796,,1.7041516662327392
1954-12-31,,1.852964629367599,1.5553387030978796,,1.7041516662327392
1955-01-31,,1.8548068041162953,1.578934738963854,,1.7168707715400746
1955-02-28,,1.8548068041162953,1.578934738963854,,1.7168707715400746
1955-03-31,,1.8548068041162953,1.578934738963854,,1.7168707715400746
1955-04-30,,2.0280589531008624,1.6822373841194682,,1.8551481686101652
1955-05-31,,2.0280589531008624,1.6822373841194682,,1.8551481686101652
1955-06-30,,2.0280589531008624,1.6822373841194682,,1.8551481686101652
1955-07-31,,2.193942403090643,1.7927388198782603,,1.9933406114844516
1955-08-31,,2.193942403090643,1.7927388198782603,,1.9933406114844516
1955-09-30,,2.193942403090643,1.7927388198782603,,1.9933406114844516
1955-10-31,,2.30535011408325,1.8830836419481527,,2.0942168780157013
1955-11-30,,2.30535011408325,1.8830836419481527,,2.0942168780157013
1955-12-31,,2.30535011408325,1.8830836419481527,,2.0942168780157013
1956-01-31,,2.2318385693495455,1.9105590260836178,,2.0711987977165816
1956-02-29,,2.2318385693495455,1.9105590260836178,,2.0711987977165816
1956-03-31,,2.2318385693495455,1.9105590260836178,,2.0711987977165816
1956-04-30,,2.2737699755341647,1.9621503587397318,,2.1179601671369483
1956-05-31,,2.2737699755341647,1.9621503587397318,,2.1179601671369483
1956-06-30,,2.2737699755341647,1.9621503587397318,,2.1179601671369483
1956-07-31,,2.35289576712104,2.029499044160581,,2.1911974056408106
1956-08-31,,2.35289576712104,2.029499044160581,,2.1911974056408106
1956-09-30,,2.35289576712104,2.029499044160581,,2.1911974056408106
1956-10-31,,2.3850022413126104,2.0560545828300842,,2.2205284120713475
1956-11-30,,2.3850022413126104,2.0560545828300842,,2.2205284120713475
1956-12-31,,2.3850022413126104,2.0560545828300842,,2.2205284120713475
1957-01-31,,2.474040687499616,2.0982474944209373,,2.286144090960277
1957-02-28,,2.474040687499616,2.0982474944209373,,2.286144090960277
1957-03-31,,2.474040687499616,2.0982474944209373,,2.286144090960277
1957-04-30,,2.4660579302552637,2.1052463186184722,,2.2856521244368677
1957-05-31,,2.4660579302552637,2.1052463186184722,,2.2856521244368677
1957-06-30,,2.4660579302552637,2.1052463186184722,,2.2856521244368677
1957-07-31,,2.573254956107993,2.162276737508099,,2.3677658468080462
1957-08-31,,2.573254956107993,2.162276737508099,,2.3677658468080462
1957-09-30,,2.573254956107993,2.162276737508099,,2.3677658468080462
1957-10-31,,2.508427949475287,2.128242455267515,,2.318335202371401
1957-11-30,,2.508427949475287,2.128242455267515,,2.318335202371401
1957-12-31,,2.508427949475287,2.128242455267515,,2.318335202371401
1958-01-31,,2.239207268344332,1.9744282960462642,,2.1068177821952982
1958-02-28,,2.239207268344332,1.9744282960462642,,2.1068177821952982
1958-03-31,,2.239207268344332,1.9744282960462642,,2.1068177821952982
1958-04-30,,2.1373613215235308,1.9128786363890864,,2.0251199789563086
1958-05-31,,2.1373613215235308,1.9128786363890864,,2.0251199789563086
1958-06-30,,2.1373613215235308,1.9128786363890864,,2.0251199789563086
1958-07-31,,2.1172728445020295,1.8970812903432226,,2.007177067422626
1958-08-31,,2.1172728445020295,1.8970812903432226,,2.007177067422626
1958-09-30,,2.1172728445020295,1.8970812903432226,,2.007177067422626
1958-10-31,,2.235347473632777,1.9729485446444996,,2.104148009138638
1958-11-30,,2.235347473632777,1.9729485446444996,,2.104148009138638
1958-12-31,,2.235347473632777,1.9729485446444996,,2.104148009138638
1959-01-31,,2.375265031926643,2.03733772726182,,2.2063013795942314
1959-02-28,,2.375265031926643,2.03733772726182,,2.2063013795942314
1959-03-31,,2.375265031926643,2.03733772726182,,2.2063013795942314
1959-04-30,,2.4614086320799817,2.109045680325705,,2.2852271562028434
1959-05-31,,2.4614086320799817,2.109045680325705,,2.2852271562028434
1959-06-30,,2.4614086320799817,2.109045680325705,,2.2852271562028434
1959-07-31,,2.554306872978542,2.176474352308812,,2.365390612643677
1959-08-31,,2.554306872978542,2.176474352308812,,2.365390612643677
1959-09-30,,2.554306872978542,2.176474352308812,,2.365390612643677
1959-10-31,,2.555096376442269,2.1755545068428503,,2.3653254416425598
1959-11-30,,2.555096376442269,2.1755545068428503,,2.3653254416425598
1959-12-31,,2.555096376442269,2.1755545068428503,,2.3653254416425598
1960-01-31,,2.6394855244539923,2.2525015797346044,,2.4459935520942984
1960-02-29,,2.6394855244539923,2.2525015797346044,,2.4459935520942984
1960-03-31,,2.6394855244539923,2.2525015797346044,,2.4459935520942984
1960-04-30,,2.6973824451273156,2.2871357611921197,,2.492259103159718
1960-05-31,,2.6973824451273156,2.2871357611921197,,2.492259103159718
1960-06-30,,2.6973824451273156,2.2871357611921197,,2.492259103159718
1960-07-31,,2.585272953278062,2.2462226345973875,,2.415747793937725
1960-08-31,,2.585272953278062,2.2462226345973875,,2.415747793937725
1960-09-30,,2.585272953278062,2.2462226345973875,,2.415747793937725
1960-10-31,,2.4919360993440978,2.2349045360379454,,2.3634203176910216
1960-11-30,,2.4919360993440978,2.2349045360379454,,2.3634203176910216
1960-12-31,,2.4919360993440978,2.2349045360379454,,2.3634203176910216
1961-01-31,,2.4043012148703853,2.2001103814559153,,2.3022057981631505
1961-02-28,,2.4043012148703853,2.2001103814559153,,2.3022057981631505
1961-03-31,,2.4043012148703853,2.2001103814559153,,2.3022057981631505
1961-04-30,,2.511936853758519,2.247542412874637,,2.3797396333165777
1961-05-31,,2.511936853758519,2.247542412874637,,2.3797396333165777
1961-06-30,,2.511936853758519,2.247542412874637,,2.3797396333165777
1961-07-31,,2.539043139346484,2.268098959374825,,2.4035710493606546
1961-08-31,,2.539043139346484,2.268098959374825,,2.4035710493606546
1961-09-30,,2.539043139346484,2.268098959374825,,2.4035710493606546
1961-10-31,,2.6867680096705397,2.3385271274425894,,2.512647568556565
1961-11-30,,2.6867680096705397,2.3385271274425894,,2.512647568556565
1961-12-31,,2.6867680096705397,2.3385271274425894,,2.512647568556565
1962-01-31,,2.7545775849439935,2.3858391790179247,,2.570208381980959
1962-02-28,,2.7545775849439935,2.3858391790179247,,2.570208381980959
1962-03-31,,2.7545775849439935,2.3858391790179247,,2.570208381980959
1962-04-30,,2.8244047801803047,2.4538277569368345,,2.6391162685585696
1962-05-31,,2.8244047801803047,2.4538277569368345,,2.6391162685585696
1962-06-30,,2.8244047801803047,2.4538277569368345,,2.6391162685585696
1962-07-31,,2.8352823834583227,2.4836227513777684,,2.659452567418046
1962-08-31,,2.8352823834583227,2.4836227513777684,,2.659452567418046
1962-09-30,,2.8352823834583227,2.4836227513777684,,2.659452567418046
1962-10-31,,2.83379109913795,2.4723446460994554,,2.6530678726187027
1962-11-30,,2.83379109913795,2.4723446460994554,,2.6530678726187027
1962-12-31,,2.83379109913795,2.4723446460994554,,2.6530678726187027
1963-01-31,,2.88361753995984,2.478503611393286,,2.681060575676563
1963-02-28,,2.88361753995984,2.478503611393286,,2.681060575676563
1963-03-31,,2.88361753995984,2.478503611393286,,2.681060575676563
1963-04-30,,2.9358124911729124,2.5548907783492374,,2.745351634761075
1963-05-31,,2.9358124911729124,2.5548907783492374,,2.745351634761075
1963-06-30,,2.9358124911729124,2.5548907783492374,,2.745351634761075
1963-07-31,,3.0609926514772043,2.628038489533758,,2.8445155705054814
1963-08-31,,3.0609926514772043,2.628038489533758,,2.8445155705054814
1963-09-30,,3.0609926514772043,2.628038489533758,,2.8445155705054814
1963-10-31,,3.1788918353937907,2.7063053407027615,,2.942598588048276
1963-11-30,,3.1788918353937907,2.7063053407027615,,2.942598588048276
1963-12-31,,3.1788918353937907,2.7063053407027615,,2.942598588048276
1964-01-31,,3.2585439626231514,2.764055638652706,,3.0112998006379286
1964-02-29,,3.2585439626231514,2.764055638652706,,3.0112998006379286
1964-03-31,,3.2585439626231514,2.764055638652706,,3.0112998006379286
1964-04-30,,3.3281079900382204,2.842522456227354,,3.0853152231327874
1964-05-31,,3.3281079900382204,2.842522456227354,,3.0853152231327874
1964-06-30,,3.3281079900382204,2.842522456227354,,3.0853152231327874
1964-07-31,,3.444340444420272,2.9357467945385176,,3.190043619479395
1964-08-31,,3.444340444420272,2.9357467945385176,,3.190043619479395
1964-09-30,,3.444340444420272,2.9357467945385176,,3.190043619479395
1964-10-31,,3.543116099993245,3.012453907743499,,3.277785003868372
1964-11-30,,3.543116099993245,3.012453907743499,,3.277785003868372
1964-12-31,,3.543116099993245,3.012453907743499,,3.277785003868372
1965-01-31,,3.819617757511906,3.2086609449612467,,3.5141393512365764
1965-02-28,,3.819617757511906,3.2086609449612467,,3.5141393512365764
1965-03-31,,3.819617757511906,3.2086609449612467,,3.5141393512365764
1965-04-30,,3.8857606032508243,3.3347197670791306,,3.6102401851649777
1965-05-31,,3.8857606032508243,3.3347197670791306,,3.6102401851649777
1965-06-30,,3.8857606032508243,3.3347197670791306,,3.6102401851649777
1965-07-31,,4.10761107655815,3.4668575679285887,,3.7872343222433695
1965-08-31,,4.10761107655815,3.4668575679285887,,3.7872343222433695
1965-09-30,,4.10761107655815,3.4668575679285887,,3.7872343222433695
1965-10-31,,4.250774371314005,3.6251909679173897,,3.9379826696156974
1965-11-30,,4.250774371314005,3.6251909679173897,,3.9379826696156974
1965-12-31,,4.250774371314005,3.6251909679173897,,3.9379826696156974
1966-01-31,,4.479905821009038,3.7746458594956045,,4.127275840252321
1966-02-28,,4.479905821009038,3.7746458594956045,,4.127275840252321
1966-03-31,,4.479905821009038,3.7746458594956045,,4.127275840252321
1966-04-30,,4.651403517851989,3.872269458730933,,4.261836488291461
1966-05-31,,4.651403517851989,3.872269458730933,,4.261836488291461
1966-06-30,,4.651403517851989,3.872269458730933,,4.261836488291461
1966-07-31,,4.685878502434741,3.932339366986346,,4.309108934710544
1966-08-31,,4.685878502434741,3.932339366986346,,4.309108934710544
1966-09-30,,4.685878502434741,3.932339366986346,,4.309108934710544
1966-10-31,,4.7879876170767846,3.9658537365722557,,4.37692067682452
1966-11-30,,4.7879876170767846,3.9658537365722557,,4.37692067682452
1966-12-31,,4.7879876170767846,3.9658537365722557,,4.37692067682452
1967-01-31,,4.624121787049862,3.9193015573383674,,4.271711672194115
1967-02-28,,4.624121787049862,3.9193015573383674,,4.271711672194115
1967-03-31,,4.624121787049862,3.9193015573383674,,4.271711672194115
1967-04-30,,4.6999141195676675,3.931219555114741,,4.315566837341204
1967-05-31,,4.6999141195676675,3.931219555114741,,4.315566837341204
1967-06-30,,4.6999141195676675,3.931219555114741,,4.315566837341204
1967-07-31,,4.666228638448643,3.95073627630558,,4.308482457377112
1967-08-31,,4.666228638448643,3.95073627630558,,4.308482457377112
1967-09-30,,4.666228638448643,3.95073627630558,,4.308482457377112
1967-10-31,,4.8498320550687435,4.069076395165612,,4.459454225117177
1967-11-30,,4.8498320550687435,4.069076395165612,,4.459454225117177
1967-12-31,,4.8498320550687435,4.069076395165612,,4.459454225117177
1968-01-31,,5.05290989046078,4.222570608137833,,4.6377402492993065
1968-02-29,,5.05290989046078,4.222570608137833,,4.6377402492993065
1968-03-31,,5.05290989046078,4.222570608137833,,4.6377402492993065
1968-04-30,,4.973696376266823,4.211252509578391,,4.592474442922607
1968-05-31,,4.973696376266823,4.211252509578391,,4.592474442922607
1968-06-30,,4.973696376266823,4.211252509578391,,4.592474442922607
1968-07-31,,5.138878045399958,4.30363698898585,,4.721257517192903
1968-08-31,,5.138878045399958,4.30363698898585,,4.721257517192903
1968-09-30,,5.138878045399958,4.30363698898585,,4.721257517192903
1968-10-31,,5.371518399378221,4.4865262635877174,,4.929022331482969
1968-11-30,,5.371518399378221,4.4865262635877174,,4.929022331482969
1968-12-31,,5.371518399378221,4.4865262635877174,,4.929022331482969
1969-01-31,,5.58696512236865,4.638940657969461,,5.112952890169055
1969-02-28,,5.58696512236865,4.638940657969461,,5.112952890169055
1969-03-31,,5.58696512236865,4.638940657969461,,5.112952890169055
1969-04-30,,5.674863174663606,4.733924700650291,,5.204393937656948
1969-05-31,,5.674863174663606,4.733924700650291,,5.204393937656948
1969-06-30,,5.674863174663606,4.733924700650291,,5.204393937656948
1969-07-31,,5.800394225396221,4.895497556410524,,5.347945890903372
1969-08-31,,5.800394225396221,4.895497556410524,,5.347945890903372
1969-09-30,,5.800394225396221,4.895497556410524,,5.347945890903372
1969-10-31,,5.802762735787402,4.930531670679326,,5.366647203233364
1969-11-30,,5.802762735787402,4.930531670679326,,5.366647203233364
1969-12-31,,5.802762735787402,4.930531670679326,,5.366647203233364
1970-01-31,,5.824868832771761,4.951008230617257,,5.387938531694509
1970-02-28,,5.824868832771761,4.951008230617257,,5.387938531694509
1970-03-31,,5.824868832771761,4.951008230617257,,5.387938531694509
1970-04-30,,5.855308577428798,4.999480087345326,,5.4273943323870615
1970-05-31,,5.855308577428798,4.999480087345326,,5.4273943323870615
1970-06-30,,5.855308577428798,4.999480087345326,,5.4273943323870615
1970-07-31,,5.9353993176935615,5.049351708912902,,5.492375513303232
1970-08-31,,5.9353993176935615,5.049351708912902,,5.492375513303232
1970-09-30,,5.9353993176935615,5.049351708912902,,5.492375513303232
1970-10-31,,5.687407507476159,4.939970085025715,,5.313688796250937
1970-11-30,,5.687407507476159,4.939970085025715,,5.313688796250937
1970-12-31,,5.687407507476159,4.939970085025715,,5.313688796250937
1971-01-31,,5.846185426292395,5.050391534222251,,5.4482884802573235
1971-02-28,,5.846185426292395,5.050391534222251,,5.4482884802573235
1971-03-31,,5.846185426292395,5.050391534222251,,5.4482884802573235
1971-04-30,,6.025665880379698,5.178370033834315,,5.602017957107007
1971-05-31,,6.025665880379698,5.178370033834315,,5.602017957107007
1971-06-30,,6.025665880379698,5.178370033834315,,5.602017957107007
1971-07-31,,6.075667766415751,5.246718551283385,,5.661193158849567
1971-08-31,,6.075667766415751,5.246718551283385,,5.661193158849567
1971-09-30,,6.075667766415751,5.246718551283385,,5.661193158849567
1971-10-31,,6.2846230164821995,5.387534894137786,,5.8360789553099925
1971-11-30,,6.2846230164821995,5.387534894137786,,5.8360789553099925
1971-12-31,,6.2846230164821995,5.387534894137786,,5.8360789553099925
1972-01-31,,6.56875654081689,5.622455427488182,,6.095605984152536
1972-02-29,,6.56875654081689,5.622455427488182,,6.095605984152536
1972-03-31,,6.56875654081689,5.622455427488182,,6.095605984152536
1972-04-30,,6.749903724438728,5.758072643795842,,6.253988184117285
1972-05-31,,6.749903724438728,5.758072643795842,,6.253988184117285
1972-06-30,,6.749903724438728,5.758072643795842,,6.253988184117285
1972-07-31,,6.924647157743669,5.879612225146174,,6.402129691444921
1972-08-31,,6.924647157743669,5.879612225146174,,6.402129691444921
1972-09-30,,6.924647157743669,5.879612225146174,,6.402129691444921
1972-10-31,,7.437122628309664,6.197638796682157,,6.817380712495911
1972-11-30,,7.437122628309664,6.197638796682157,,6.817380712495911
1972-12-31,,7.437122628309664,6.197638796682157,,6.817380712495911
1973-01-31,,7.878191896711893,6.512465905727838,,7.195328901219866
1973-02-28,,7.878191896711893,6.512465905727838,,7.195328901219866
1973-03-31,,7.878191896711893,6.512465905727838,,7.195328901219866
1973-04-30,,8.324612244146051,6.850169171579173,,7.587390707862612
1973-05-31,,8.324612244146051,6.850169171579173,,7.587390707862612
1973-06-30,,8.324612244146051,6.850169171579173,,7.587390707862612
1973-07-31,,8.495934495774838,7.064493165148254,,7.7802138304615465
1973-08-31,,8.495934495774838,7.064493165148254,,7.7802138304615465
1973-09-30,,8.495934495774838,7.064493165148254,,7.7802138304615465
1973-10-31,,8.657607260624742,7.20446964909895,,7.931038454861846
1973-11-30,,8.657607260624742,7.20446964909895,,7.931038454861846
1973-12-31,,8.657607260624742,7.20446964909895,,7.931038454861846
1974-01-31,,8.775067831505924,7.334927732141,,8.054997781823461
1974-02-28,,8.775067831505924,7.334927732141,,8.054997781823461
1974-03-31,,8.775067831505924,7.334927732141,,8.054997781823461
1974-04-30,,8.980689622503304,7.551451356172163,,8.266070489337734
1974-05-31,,8.980689622503304,7.551451356172163,,8.266070489337734
1974-06-30,,8.980689622503304,7.551451356172163,,8.266070489337734
1974-07-31,,9.393775379246758,7.778093280328906,,8.585934329787833
1974-08-31,,9.393775379246758,7.778093280328906,,8.585934329787833
1974-09-30,,9.393775379246758,7.778093280328906,,8.585934329787833
1974-10-31,,9.453865365097103,7.901432559330032,,8.677648962213567
1974-11-30,,9.453865365097103,7.901432559330032,,8.677648962213567
1974-12-31,,9.453865365097103,7.901432559330032,,8.677648962213567
1975-01-31,,9.16815283383496,7.7241823373673215,,8.44616758560114
1975-02-28,,9.16815283383496,7.7241823373673215,,8.44616758560114
1975-03-31,,9.16815283383496,7.7241823373673215,,8.44616758560114
1975-04-30,,9.261928300804326,7.729741403444222,,8.495834852124274
1975-05-31,,9.261928300804326,7.729741403444222,,8.495834852124274
1975-06-30,,9.261928300804326,7.729741403444222,,8.495834852124274
1975-07-31,,9.520271378657265,7.9109509602386785,,8.715611169447971
1975-08-31,,9.520271378657265,7.9109509602386785,,8.715611169447971
1975-09-30,,9.520271378657265,7.9109509602386785,,8.715611169447971
1975-10-31,,9.810896375915933,8.113956855248318,,8.962426615582125
1975-11-30,,9.810896375915933,8.113956855248318,,8.962426615582125
1975-12-31,,9.810896375915933,8.113956855248318,,8.962426615582125
1976-01-31,,10.09038060207534,8.378752369601907,,9.234566485838624
1976-02-29,,10.09038060207534,8.378752369601907,,9.234566485838624
1976-03-31,,10.09038060207534,8.378752369601907,,9.234566485838624
1976-04-30,,10.378900256764071,8.59887538893466,,9.488887822849366
1976-05-31,,10.378900256764071,8.59887538893466,,9.488887822849366
1976-06-30,,10.378900256764071,8.59887538893466,,9.488887822849366
1976-07-31,,10.798565209038586,8.90358419785476,,9.851074703446674
1976-08-31,,10.798565209038586,8.90358419785476,,9.851074703446674
1976-09-30,,10.798565209038586,8.90358419785476,,9.851074703446674
1976-10-31,,11.274548075058972,9.208213020212604,,10.241380547635789
1976-11-30,,11.274548075058972,9.208213020212604,,10.241380547635789
1976-12-31,,11.274548075058972,9.208213020212604,,10.241380547635789
1977-01-31,,12.19344238423028,9.729485446444997,,10.961463915337639
1977-02-28,,12.19344238423028,9.729485446444997,,10.961463915337639
1977-03-31,,12.19344238423028,9.729485446444997,,10.961463915337639
1977-04-30,,12.688197888165956,10.148255093144352,,11.418226490655154
1977-05-31,,12.688197888165956,10.148255093144352,,11.418226490655154
1977-06-30,,12.688197888165956,10.148255093144352,,11.418226490655154
1977-07-31,,13.211989575045372,10.528951136209114,,11.870470355627244
1977-08-31,,13.211989575045372,10.528951136209114,,11.870470355627244
1977-09-30,,13.211989575045372,10.528951136209114,,11.870470355627244
1977-10-31,,14.071320234008827,11.03586597451628,,12.553593104262553
1977-11-30,,14.071320234008827,11.03586597451628,,12.553593104262553
1977-12-31,,14.071320234008827,11.03586597451628,,12.553593104262553
1978-01-31,,14.4400183515694,11.295062429511841,,12.86754039054062
1978-02-28,,14.4400183515694,11.295062429511841,,12.86754039054062
1978-03-31,,14.4400183515694,11.295062429511841,,12.86754039054062
1978-04-30,,15.762173485491115,12.37196151046624,,14.067067497978677
1978-05-31,,15.762173485491115,12.37196151046624,,14.067067497978677
1978-06-30,,15.762173485491115,12.37196151046624,,14.067067497978677
1978-07-31,,16.270525993524316,13.001815694963248,,14.636170844243782
1978-08-31,,16.270525993524316,13.001815694963248,,14.636170844243782
1978-09-30,,16.270525993524316,13.001815694963248,,14.636170844243782
1978-10-31,,16.909936076536216,13.654825989233807,,15.282381032885011
1978-11-30,,16.909936076536216,13.654825989233807,,15.282381032885011
1978-12-31,,16.909936076536216,13.654825989233807,,15.282381032885011
1979-01-31,,17.8454099584458,14.265403412226746,,16.055406685336273
1979-02-28,,17.8454099584458,14.265403412226746,,16.055406685336273
1979-03-31,,17.8454099584458,14.265403412226746,,16.055406685336273
1979-04-30,,17.911640526791796,14.568272530214923,,16.23995652850336
1979-05-31,,17.911640526791796,14.568272530214923,,16.23995652850336
1979-06-30,,17.911640526791796,14.568272530214923,,16.23995652850336
1979-07-31,,18.60719307833541,15.317546652162436,,16.962369865248924
1979-08-31,,18.60719307833541,15.317546652162436,,16.962369865248924
1979-09-30,,18.60719307833541,15.317546652162436,,16.962369865248924
1979-10-31,,18.640176778597787,15.650650690683964,,17.145413734640876
1979-11-30,,18.640176778597787,15.650650690683964,,17.145413734640876
1979-12-31,,18.640176778597787,15.650650690683964,,17.145413734640876
1980-01-31,100.0,19.265726689690926,16.17696227033858,,45.1475629866765
1980-02-29,100.0,19.265726689690926,16.17696227033858,,45.1475629866765
1980-03-31,100.0,19.265726689690926,16.17696227033858,,45.1475629866765
1980-04-30,100.0,18.34297258580806,15.784548195903088,,44.70917359390372
1980-05-31,100.0,18.34297258580806,15.784548195903088,,44.70917359390372
1980-06-30,100.0,18.34297258580806,15.784548195903088,,44.70917359390372
1980-07-31,100.0,18.88158939328413,16.225954039721326,,45.035847811001815
1980-08-31,100.0,18.88158939328413,16.225954039721326,,45.035847811001815
1980-09-30,100.0,18.88158939328413,16.225954039721326,,45.035847811001815
1980-10-31,100.0,19.43775072217636,16.907359563593317,,45.448370095256564
1980-11-30,100.0,19.43775072217636,16.907359563593317,,45.448370095256564
1980-12-31,100.0,19.43775072217636,16.907359563593317,,45.448370095256564
1981-01-31,100.0,20.348135938460835,17.718023372073493,,46.022053103511446
1981-02-28,100.0,20.348135938460835,17.718023372073493,,46.022053103511446
1981-03-31,100.0,20.348135938460835,17.718023372073493,,46.022053103511446
1981-04-30,100.0,20.905876274280523,18.511450076387163,,46.472442116889226
1981-05-31,100.0,20.905876274280523,18.511450076387163,,46.472442116889226
1981-06-30,100.0,20.905876274280523,18.511450076387163,,46.472442116889226
1981-07-31,100.0,21.632921241766134,19.28112077171035,,46.9713473378255
1981-08-31,100.0,21.632921241766134,19.28112077171035,,46.9713473378255
1981-09-30,100.0,21.632921241766134,19.28112077171035,,46.9713473378255
1981-10-31,100.0,21.62581571059259,20.146815335023717,,47.25754368187211
1981-11-30,100.0,21.62581571059259,20.146815335023717,,47.25754368187211
1981-12-31,100.0,21.62581571059259,20.146815335023717,,47.25754368187211
1982-01-31,100.0,21.301242064393655,19.999960006718872,,47.10040069037084
1982-02-28,100.0,21.301242064393655,19.999960006718872,,47.10040069037084
1982-03-31,100.0,21.301242064393655,19.999960006718872,,47.10040069037084
1982-04-30,100.0,20.65297199806659,19.599467289495365,,46.75081309585399
1982-05-31,100.0,20.65297199806659,19.599467289495365,,46.75081309585399
1982-06-30,100.0,20.65297199806659,19.599467289495365,,46.75081309585399
1982-07-31,100.0,20.37769845704706,19.145703521808336,,46.50780065961846
1982-08-31,100.0,20.37769845704706,19.145703521808336,,46.50780065961846
1982-09-30,100.0,20.37769845704706,19.145703521808336,,46.50780065961846
1982-10-31,100.0,20.07891525732988,18.85767191111893,,46.31219572281628
1982-11-30,100.0,20.07891525732988,18.85767191111893,,46.31219572281628
1982-12-31,100.0,20.07891525732988,18.85767191111893,,46.31219572281628
1983-01-31,100.0,19.921014564584453,18.48113516929156,,46.134049911292
1983-02-28,100.0,19.921014564584453,18.48113516929156,,46.134049911292
1983-03-31,100.0,19.921014564584453,18.48113516929156,,46.134049911292
1983-04-30,100.0,20.8415756032903,18.65506594892058,,46.49888051740362
1983-05-31,100.0,20.8415756032903,18.65506594892058,,46.49888051740362
1983-06-30,100.0,20.8415756032903,18.65506594892058,,46.49888051740362
1983-07-31,100.0,21.913984474852995,19.411578854752403,,47.10852110986846
1983-08-31,100.0,21.913984474852995,19.411578854752403,,47.10852110986846
1983-09-30,100.0,21.913984474852995,19.411578854752403,,47.10852110986846
1983-10-31,100.0,23.806862890442353,20.584021884323434,,48.13029492492192
1983-11-30,100.0,23.806862890442353,20.584021884323434,,48.13029492492192
1983-12-31,100.0,23.806862890442353,20.584021884323434,,48.13029492492192
1984-01-31,100.0,24.176175066252497,21.255029155101944,,48.477068073784814
1984-02-29,100.0,24.176175066252497,21.255029155101944,,48.477068073784814
1984-03-31,100.0,24.176175066252497,21.255029155101944,,48.477068073784814
1984-04-30,100.0,25.34753503860233,22.327209028883146,,49.22491468916183
1984-05-31,100.0,25.34753503860233,22.327209028883146,,49.22491468916183
1984-06-30,100.0,25.34753503860233,22.327209028883146,,49.22491468916183
1984-07-31,100.0,26.083264544188943,23.061805616656404,,49.71502338694845
1984-08-31,100.0,26.083264544188943,23.061805616656404,,49.71502338694845
1984-09-30,100.0,26.083264544188943,23.061805616656404,,49.71502338694845
1984-10-31,100.0,26.80925684038959,23.632149798833797,,50.1471355464078
1984-11-30,100.0,26.80925684038959,23.632149798833797,,50.1471355464078
1984-12-31,100.0,26.80925684038959,23.632149798833797,,50.1471355464078
1985-01-31,100.0,26.54591357393305,23.972652594364146,,50.17285538943239
1985-02-28,100.0,26.54591357393305,23.972652594364146,,50.17285538943239
1985-03-31,100.0,26.54591357393305,23.972652594364146,,50.17285538943239
1985-04-30,100.0,27.153918963610028,24.359427616160485,,50.50444885992351
1985-05-31,100.0,27.153918963610028,24.359427616160485,,50.50444885992351
1985-06-30,100.0,27.153918963610028,24.359427616160485,,50.50444885992351
1985-07-31,100.0,26.851275969181295,24.17321889922493,,50.341498289468745
1985-08-31,100.0,26.851275969181295,24.17321889922493,,50.341498289468745
1985-09-30,100.0,26.851275969181295,24.17321889922493,,50.341498289468745
1985-10-31,100.0,27.490422884371952,24.718527287415714,,50.73631672392923
1985-11-30,100.0,27.490422884371952,24.718527287415714,,50.73631672392923
1985-12-31,100.0,27.490422884371952,24.718527287415714,,50.73631672392923
1986-01-31,100.0,27.262168660747726,24.536877804528835,,50.59968215509219
1986-02-28,100.0,27.262168660747726,24.536877804528835,,50.59968215509219
1986-03-31,100.0,27.262168660747726,24.536877804528835,,50.59968215509219
1986-04-30,100.0,27.854033090721842,24.196574975404133,,50.683536022041984
1986-05-31,100.0,27.854033090721842,24.196574975404133,,50.683536022041984
1986-06-30,100.0,27.854033090721842,24.196574975404133,,50.683536022041984
1986-07-31,100.0,27.949826177654064,24.074515481399125,,50.67478055301773
1986-08-31,100.0,27.949826177654064,24.074515481399125,,50.67478055301773
1986-09-30,100.0,27.949826177654064,24.074515481399125,,50.67478055301773
1986-10-31,100.0,28.410018974399907,24.418017773014135,,50.942678915804684
1986-11-30,100.0,28.410018974399907,24.418017773014135,,50.942678915804684
1986-12-31,100.0,28.410018974399907,24.418017773014135,,50.942678915804684
1987-01-31,100.0,27.42278875431266,23.85803185064909,,50.42694020165391
1987-02-28,100.0,27.42278875431266,23.85803185064909,,50.42694020165391
1987-03-31,100.0,27.42278875431266,23.85803185064909,,50.42694020165391
1987-04-30,100.0,28.087375225556755,24.330752433591154,,50.8060425530493
1987-05-31,100.0,28.087375225556755,24.330752433591154,,50.8060425530493
1987-06-30,100.0,28.087375225556755,24.330752433591154,,50.8060425530493
1987-07-31,100.0,28.69266121441423,25.01499748042329,,51.235886231612504
1987-08-31,100.0,28.69266121441423,25.01499748042329,,51.235886231612504
1987-09-30,100.0,28.69266121441423,25.01499748042329,,51.235886231612504
1987-10-31,100.0,28.404843340582143,25.21784340230841,,51.207562247630186
1987-11-30,100.0,28.404843340582143,25.21784340230841,,51.207562247630186
1987-12-31,100.0,28.404843340582143,25.21784340230841,,51.207562247630186
1988-01-31,100.0,29.440759607599233,25.655609857543933,,51.69878982171439
1988-02-29,100.0,29.440759607599233,25.655609857543933,,51.69878982171439
1988-03-31,100.0,29.440759607599233,25.655609857543933,,51.69878982171439
1988-04-30,100.0,30.249649767491228,26.370209804752797,,52.20661985741467
1988-05-31,100.0,30.249649767491228,26.370209804752797,,52.20661985741467
1988-06-30,100.0,30.249649767491228,26.370209804752797,,52.20661985741467
1988-07-31,100.0,30.627646481402365,26.648803001095818,,52.42548316083273
1988-08-31,100.0,30.627646481402365,26.648803001095818,,52.42548316083273
1988-09-30,100.0,30.627646481402365,26.648803001095818,,52.42548316083273
1988-10-31,100.0,31.376446655444017,27.272378240455602,,52.88294163196654
1988-11-30,100.0,31.376446655444017,27.272378240455602,,52.88294163196654
1988-12-31,100.0,31.376446655444017,27.272378240455602,,52.88294163196654
1989-01-31,100.0,31.874798786270002,27.853960534630183,,53.24291977363339
1989-02-28,100.0,31.874798786270002,27.853960534630183,,53.24291977363339
1989-03-31,100.0,31.874798786270002,27.853960534630183,,53.24291977363339
1989-04-30,100.0,32.60061563725649,28.35515633373593,,53.6519239903308
1989-05-31,100.0,32.60061563725649,28.35515633373593,,53.6519239903308
1989-06-30,100.0,32.60061563725649,28.35515633373593,,53.6519239903308
1989-07-31,100.0,33.42661170552924,29.240567584645778,,54.22239309672501
1989-08-31,100.0,33.42661170552924,29.240567584645778,,54.22239309672501
1989-09-30,100.0,33.42661170552924,29.240567584645778,,54.22239309672501
1989-10-31,100.0,32.685531120910696,29.09003287447709,,53.9251879984626
1989-11-30,100.0,32.685531120910696,29.09003287447709,,53.9251879984626
1989-12-31,100.0,32.685531120910696,29.09003287447709,,53.9251879984626
1990-01-31,,33.0194033634602,29.630222122683385,,31.324812743071792
1990-02-28,,33.0194033634602,29.630222122683385,,31.324812743071792
1990-03-31,,33.0194033634602,29.630222122683385,,31.324812743071792
1990-04-30,,32.082701365051484,29.360027515377418,,30.72136444021445
1990-05-31,,32.082701365051484,29.360027515377418,,30.72136444021445
1990-06-30,,32.082701365051484,29.360027515377418,,30.72136444021445
1990-07-31,,32.77509590274018,29.771478391630207,,31.273287147185194
1990-08-31,,32.77509590274018,29.771478391630207,,31.273287147185194
1990-09-30,,32.77509590274018,29.771478391630207,,31.273287147185194
1990-10-31,,32.61587937088855,29.495804704809593,,31.05584203784907
1990-11-30,,32.61587937088855,29.495804704809593,,31.05584203784907
1990-12-31,,32.61587937088855,29.495804704809593,,31.05584203784907
1991-01-31,,31.694791996540218,29.18709656777661,,30.440944282158412
1991-02-28,,31.694791996540218,29.18709656777661,,30.440944282158412
1991-03-31,,31.694791996540218,29.18709656777661,,30.440944282158412
1991-04-30,,31.418728952056963,29.06659681173563,,30.242662881896294
1991-05-31,,31.418728952056963,29.06659681173563,,30.242662881896294
1991-06-30,,31.418728952056963,29.06659681173563,,30.242662881896294
1991-07-31,,31.80558564928326,28.801161404883977,,30.303373527083618
1991-08-31,,31.80558564928326,28.801161404883977,,30.303373527083618
1991-09-30,,31.80558564928326,28.801161404883977,,30.303373527083618
1991-10-31,,31.699529017322583,28.699178538005615,,30.1993537776641
1991-11-30,,31.699529017322583,28.699178538005615,,30.1993537776641
1991-12-31,,31.699529017322583,28.699178538005615,,30.1993537776641
1992-01-31,,31.585226460296305,28.563521328416826,,30.074373894356565
1992-02-29,,31.585226460296305,28.563521328416826,,30.074373894356565
1992-03-31,,31.585226460296305,28.563521328416826,,30.074373894356565
1992-04-30,,33.29450145926557,29.463730093344314,,31.379115776304943
1992-05-31,,33.29450145926557,29.463730093344314,,31.379115776304943
1992-06-30,,33.29450145926557,29.463730093344314,,31.379115776304943
1992-07-31,,34.00356329229962,29.936410683005256,,31.969986987652437
1992-08-31,,34.00356329229962,29.936410683005256,,31.969986987652437
1992-09-30,,34.00356329229962,29.936410683005256,,31.969986987652437
1992-10-31,,35.050795775630135,30.726317978579598,,32.88855687710487
1992-11-30,,35.050795775630135,30.726317978579598,,32.88855687710487
1992-12-31,,35.050795775630135,30.726317978579598,,32.88855687710487
1993-01-31,,35.66906471033556,31.054302877116648,,33.3616837937261
1993-02-28,,35.66906471033556,31.054302877116648,,33.3616837937261
1993-03-31,,35.66906471033556,31.054302877116648,,33.3616837937261
1993-04-30,,36.977886007981,31.689516161284903,,34.33370108463295
1993-05-31,,36.977886007981,31.689516161284903,,34.33370108463295
1993-06-30,,36.977886007981,31.689516161284903,,34.33370108463295
1993-07-31,,37.280353557195575,31.927236224314314,,34.60379489075494
1993-08-31,,37.280353557195575,31.927236224314314,,34.60379489075494
1993-09-30,,37.280353557195575,31.927236224314314,,34.60379489075494
1993-10-31,,39.25042786701603,33.180105742235305,,36.21526680462567
1993-11-30,,39.25042786701603,33.180105742235305,,36.21526680462567
1993-12-31,,39.25042786701603,33.180105742235305,,36.21526680462567
1994-01-31,,40.50880866559002,33.622951344174176,,37.065880004882096
1994-02-28,,40.50880866559002,33.622951344174176,,37.065880004882096
1994-03-31,,40.50880866559002,33.622951344174176,,37.065880004882096
1994-04-30,,40.82803123275702,34.21861127330609,,37.523321253031554
1994-05-31,,40.82803123275702,34.21861127330609,,37.523321253031554
1994-06-30,,40.82803123275702,34.21861127330609,,37.523321253031554
1994-07-31,,41.79657653753606,34.878060485838375,,38.337318511687215
1994-08-31,,41.79657653753606,34.878060485838375,,38.337318511687215
1994-09-30,,41.79657653753606,34.878060485838375,,38.337318511687215
1994-10-31,,44.023678086103246,36.27346605770231,,40.14857207190278
1994-11-30,,44.023678086103246,36.27346605770231,,40.14857207190278
1994-12-31,,44.023678086103246,36.27346605770231,,40.14857207190278
1995-01-31,,46.08015916389828,37.77845321985907,,41.92930619187867
1995-02-28,,46.08015916389828,37.77845321985907,,41.92930619187867
1995-03-31,,46.08015916389828,37.77845321985907,,41.92930619187867
1995-04-30,,46.08928231503469,38.26473152510378,,42.17700692006923
1995-05-31,,46.08928231503469,38.26473152510378,,42.17700692006923
1995-06-30,,46.08928231503469,38.26473152510378,,42.17700692006923
1995-07-31,,46.040333100283604,38.61471272826165,,42.32752291427263
1995-08-31,,46.040333100283604,38.61471272826165,,42.32752291427263
1995-09-30,,46.040333100283604,38.61471272826165,,42.32752291427263
1995-10-31,,47.105197827637355,39.275761672039096,,43.190479749838225
1995-11-30,,47.105197827637355,39.275761672039096,,43.190479749838225
1995-12-31,,47.105197827637355,39.275761672039096,,43.190479749838225
1996-01-31,,47.898034750433574,40.14313595315986,,44.02058535179672
1996-02-29,,47.898034750433574,40.14313595315986,,44.02058535179672
1996-03-31,,47.898034750433574,40.14313595315986,,44.02058535179672
1996-04-30,,48.84903553379644,41.05182329368666,,44.950429413741546
1996-05-31,,48.84903553379644,41.05182329368666,,44.950429413741546
1996-06-30,,48.84903553379644,41.05182329368666,,44.950429413741546
1996-07-31,,50.615944285617786,42.35148495052831,,46.48371461807305
1996-08-31,,50.615944285617786,42.35148495052831,,46.48371461807305
1996-09-30,,50.615944285617786,42.35148495052831,,46.48371461807305
1996-10-31,,50.998327129882966,43.33659945129218,,47.16746329058758
1996-11-30,,50.998327129882966,43.33659945129218,,47.16746329058758
1996-12-31,,50.998327129882966,43.33659945129218,,47.16746329058758
1997-01-31,,51.537557995608594,44.284520200606295,,47.911039098107445
1997-02-28,,51.537557995608594,44.284520200606295,,47.911039098107445
1997-03-31,,51.537557995608594,44.284520200606295,,47.911039098107445
1997-04-30,,52.836905251689316,45.175090584781756,,49.005997918235536
1997-05-31,,52.836905251689316,45.175090584781756,,49.005997918235536
1997-06-30,,52.836905251689316,45.175090584781756,,49.005997918235536
1997-07-31,,55.30594575058533,47.12664272402237,,51.21629423730385
1997-08-31,,55.30594575058533,47.12664272402237,,51.21629423730385
1997-09-30,,55.30594575058533,47.12664272402237,,51.21629423730385
1997-10-31,,54.66425487978932,47.23698418665664,,50.95061953322298
1997-11-30,,54.66425487978932,47.23698418665664,,50.95061953322298
1997-12-31,,54.66425487978932,47.23698418665664,,50.95061953322298
1998-01-31,,56.64722441285066,48.486974188336355,,52.56709930059351
1998-02-28,,56.64722441285066,48.486974188336355,,52.56709930059351
1998-03-31,,56.64722441285066,48.486974188336355,,52.56709930059351
1998-04-30,,57.535064919115364,49.87574087553291,,53.705402897324134
1998-05-31,,57.535064919115364,49.87574087553291,,53.705402897324134
1998-06-30,,57.535064919115364,49.87574087553291,,53.705402897324134
1998-07-31,,57.75910845759971,50.45760312267539,,54.10835579013755
1998-08-31,,57.75910845759971,50.45760312267539,,54.10835579013755
1998-09-30,,57.75910845759971,50.45760312267539,,54.10835579013755
1998-10-31,,59.651372814939506,51.8090560785788,,55.73021444675915
1998-11-30,,59.651372814939506,51.8090560785788,,55.73021444675915
1998-12-31,,59.651372814939506,51.8090560785788,,55.73021444675915
1999-01-31,,60.97572101403824,52.8833156029787,,56.92951830850847
1999-02-28,,60.97572101403824,52.8833156029787,,56.92951830850847
1999-03-31,,60.97572101403824,52.8833156029787,,56.92951830850847
1999-04-30,,62.46893523176751,54.14930291710992,,58.30911907443871
1999-05-31,,62.46893523176751,54.14930291710992,,58.30911907443871
1999-06-30,,62.46893523176751,54.14930291710992,,58.30911907443871
1999-07-31,,63.87442684241598,55.45444365346622,,59.6644352479411
1999-08-31,,63.87442684241598,55.45444365346622,,59.6644352479411
1999-09-30,,63.87442684241598,55.45444365346622,,59.6644352479411
1999-10-31,,63.08553743693841,55.792586845409964,,59.43906214117419
1999-11-30,,63.08553743693841,55.792586845409964,,59.43906214117419
1999-12-31,,63.08553743693841,55.792586845409964,,59.43906214117419
2000-01-31,,65.73932174634656,58.000255956999226,,61.869788851672894
2000-02-29,,65.73932174634656,58.000255956999226,,61.869788851672894
2000-03-31,,65.73932174634656,58.000255956999226,,61.869788851672894
2000-04-30,,67.8930871953942,59.93909023284088,,63.91608871411754
2000-05-31,,67.8930871953942,59.93909023284088,,63.91608871411754
2000-06-30,,67.8930871953942,59.93909023284088,,63.91608871411754
2000-07-31,,67.89773649356948,60.77606962030379,,64.33690305693663
2000-08-31,,67.89773649356948,60.77606962030379,,64.33690305693663
2000-09-30,,67.89773649356948,60.77606962030379,,64.33690305693663
2000-10-31,,67.28262557271897,60.993393109957516,,64.13800934133825
2000-11-30,,67.28262557271897,60.993393109957516,,64.13800934133825
2000-12-31,,67.28262557271897,60.993393109957516,,64.13800934133825
2001-01-31,,65.93897840006245,60.19980643251933,,63.069392416290896
2001-02-28,,65.93897840006245,60.19980643251933,,63.069392416290896
2001-03-31,,65.93897840006245,60.19980643251933,,63.069392416290896
2001-04-30,,62.81087795416844,58.93349917213908,,60.872188563153756
2001-05-31,,62.81087795416844,58.93349917213908,,60.872188563153756
2001-06-30,,62.81087795416844,58.93349917213908,,60.872188563153756
2001-07-31,,60.73922086534842,58.09344030202925,,59.41633058368883
2001-08-31,,60.73922086534842,58.09344030202925,,59.41633058368883
2001-09-30,,60.73922086534842,58.09344030202925,,59.41633058368883
2001-10-31,,60.17542766964017,56.34477407795491,,58.26010087379754
2001-11-30,,60.17542766964017,56.34477407795491,,58.26010087379754
2001-12-31,,60.17542766964017,56.34477407795491,,58.26010087379754
2002-01-31,,58.53317274248063,54.95184808952096,,56.7425104160008
2002-02-28,,58.53317274248063,54.95184808952096,,56.7425104160008
2002-03-31,,58.53317274248063,54.95184808952096,,56.7425104160008
2002-04-30,,58.06613758238248,54.28156069780277,,56.17384914009263
2002-05-31,,58.06613758238248,54.28156069780277,,56.17384914009263
2002-06-30,,58.06613758238248,54.28156069780277,,56.17384914009263
2002-07-31,,58.01455668941898,53.94629702210029,,55.98042685575963
2002-08-31,,58.01455668941898,53.94629702210029,,55.98042685575963
2002-09-30,,58.01455668941898,53.94629702210029,,55.98042685575963
2002-10-31,,56.847407402209015,53.23965573783603,,55.04353157002252
2002-11-30,,56.847407402209015,53.23965573783603,,55.04353157002252
2002-12-31,,56.847407402209015,53.23965573783603,,55.04353157002252
2003-01-31,,56.518535348263136,53.29888578718774,,54.908710567725436
2003-02-28,,56.518535348263136,53.29888578718774,,54.908710567725436
2003-03-31,,56.518535348263136,53.29888578718774,,54.908710567725436
2003-04-30,,58.355183572713706,54.66449636461075,,56.50983996866223
2003-05-31,,58.355183572713706,54.66449636461075,,56.50983996866223
2003-06-30,,58.355183572713706,54.66449636461075,,56.50983996866223
2003-07-31,,59.71005923907655,55.67548651826494,,57.692772878670745
2003-08-31,,59.71005923907655,55.67548651826494,,57.692772878670745
2003-09-30,,59.71005923907655,55.67548651826494,,57.692772878670745
2003-10-31,,60.72974682378371,56.464873901184596,,58.59731036248415
2003-11-30,,60.72974682378371,56.464873901184596,,58.59731036248415
2003-12-31,,60.72974682378371,56.464873901184596,,58.59731036248415
2004-01-31,,59.80936123029201,56.06378128474417,,57.93657125751809
2004-02-29,,59.80936123029201,56.06378128474417,,57.93657125751809
2004-03-31,,59.80936123029201,56.06378128474417,,57.93657125751809
2004-04-30,,62.58981698432484,57.80856816054904,,60.19919257243694
2004-05-31,,62.58981698432484,57.80856816054904,,60.19919257243694
2004-06-30,,62.58981698432484,57.80856816054904,,60.19919257243694
2004-07-31,,64.40628900914682,59.60978555602659,,62.0080372825867
2004-08-31,,64.40628900914682,59.60978555602659,,62.0080372825867
2004-09-30,,64.40628900914682,59.60978555602659,,62.0080372825867
2004-10-31,,66.50110486623618,61.25742875196967,,63.87926680910292
2004-11-30,,66.50110486623618,61.25742875196967,,63.87926680910292
2004-12-31,,66.50110486623618,61.25742875196967,,63.87926680910292
2005-01-31,,67.42192907276326,62.721702753937336,,65.07181591335029
2005-02-28,,67.42192907276326,62.721702753937336,,65.07181591335029
2005-03-31,,67.42192907276326,62.721702753937336,,65.07181591335029
2005-04-30,,69.02927040230465,64.14274401900481,,66.58600721065473
2005-05-31,,69.02927040230465,64.14274401900481,,66.58600721065473
2005-06-30,,69.02927040230465,64.14274401900481,,66.58600721065473
2005-07-31,,70.90583241297698,65.71416002111646,,68.30999621704672
2005-08-31,,70.90583241297698,65.71416002111646,,68.30999621704672
2005-09-30,,70.90583241297698,65.71416002111646,,68.30999621704672
2005-10-31,,71.56348879826169,66.73554842786412,,69.1495186130629
2005-11-30,,71.56348879826169,66.73554842786412,,69.1495186130629
2005-12-31,,71.56348879826169,66.73554842786412,,69.1495186130629
2006-01-31,,74.57754985495066,69.40066068900424,,71.98910527197745
2006-02-28,,74.57754985495066,69.40066068900424,,71.98910527197745
2006-03-31,,74.57754985495066,69.40066068900424,,71.98910527197745
2006-04-30,,75.23441673677164,70.96407803489015,,73.09924738583089
2006-05-31,,75.23441673677164,70.96407803489015,,73.09924738583089
2006-06-30,,75.23441673677164,70.96407803489015,,73.09924738583089
2006-07-31,,76.09146660795099,72.62567888594715,,74.35857274694908
2006-08-31,,76.09146660795099,72.62567888594715,,74.35857274694908
2006-09-30,,76.09146660795099,72.62567888594715,,74.35857274694908
2006-10-31,,76.66333028351069,73.9695331184361,,75.3164317009734
2006-11-30,,76.66333028351069,73.9695331184361,,75.3164317009734
2006-12-31,,76.66333028351069,73.9695331184361,,75.3164317009734
2007-01-31,,77.7444236931744,75.66864766719192,,76.70653568018315
2007-02-28,,77.7444236931744,75.66864766719192,,76.70653568018315
2007-03-31,,77.7444236931744,75.66864766719192,,76.70653568018315
2007-04-30,,78.76130415445495,77.49570072227866,,78.12850243836681
2007-05-31,,78.76130415445495,77.49570072227866,,78.12850243836681
2007-06-30,,78.76130415445495,77.49570072227866,,78.12850243836681
2007-07-31,,78.6012103965325,78.68186144727686,,78.64153592190468
2007-08-31,,78.6012103965325,78.68186144727686,,78.64153592190468
2007-09-30,,78.6012103965325,78.68186144727686,,78.64153592190468
2007-10-31,,78.38997435868194,79.87150158773326,,79.1307379732076
2007-11-30,,78.38997435868194,79.87150158773326,,79.1307379732076
2007-12-31,,78.38997435868194,79.87150158773326,,79.1307379732076
2008-01-31,,77.66985947715571,80.53443021572376,,79.10214484643973
2008-02-29,,77.66985947715571,80.53443021572376,,79.10214484643973
2008-03-31,,77.66985947715571,80.53443021572376,,79.10214484643973
2008-04-30,,76.4786741956056,80.94796074259524,,78.71331746910042
2008-05-31,,76.4786741956056,80.94796074259524,,78.71331746910042
2008-06-30,,76.4786741956056,80.94796074259524,,78.71331746910042
2008-07-31,,74.74931071961485,80.26679517841002,,77.50805294901244
2008-08-31,,74.74931071961485,80.26679517841002,,77.50805294901244
2008-09-30,,74.74931071961485,80.26679517841002,,77.50805294901244
2008-10-31,,67.73816907128952,76.7366282464546,,72.23739865887205
2008-11-30,,67.73816907128952,76.7366282464546,,72.23739865887205
2008-12-31,,67.73816907128952,76.7366282464546,,72.23739865887205
2009-01-31,,59.96164767618427,70.44420537349725,,65.20292652484076
2009-02-28,,59.96164767618427,70.44420537349725,,65.20292652484076
2009-03-31,,59.96164767618427,70.44420537349725,,65.20292652484076
2009-04-30,,57.21128077638016,67.38731893041968,,62.299299853399916
2009-05-31,,57.21128077638016,67.38731893041968,,62.299299853399916
2009-06-30,,57.21128077638016,67.38731893041968,,62.299299853399916
2009-07-31,,58.0756993465543,66.23035330064549,,62.153026323599896
2009-08-31,,58.0756993465543,66.23035330064549,,62.153026323599896
2009-09-30,,58.0756993465543,66.23035330064549,,62.153026323599896
2009-10-31,,59.93971702441407,66.36177122243463,,63.150744123424346
2009-11-30,,59.93971702441407,66.36177122243463,,63.150744123424346
2009-12-31,,59.93971702441407,66.36177122243463,,63.150744123424346
2010-01-31,,63.14334663500465,66.38736692235703,,64.76535677868084
2010-02-28,,63.14334663500465,66.38736692235703,,64.76535677868084
2010-03-31,,63.14334663500465,66.38736692235703,,64.76535677868084
2010-04-30,,66.99129879460365,68.61831212356324,,67.80480545908344
2010-05-31,,66.99129879460365,68.61831212356324,,67.80480545908344
2010-06-30,,66.99129879460365,68.61831212356324,,67.80480545908344
2010-07-31,,70.57257422867703,70.48271890322427,,70.52764656595065
2010-08-31,,70.57257422867703,70.48271890322427,,70.52764656595065
2010-09-30,,70.57257422867703,70.48271890322427,,70.52764656595065
2010-10-31,,71.94420491299233,72.06189360187489,,72.00304925743362
2010-11-30,,71.94420491299233,72.06189360187489,,72.00304925743362
2010-12-31,,71.94420491299233,72.06189360187489,,72.00304925743362
2011-01-31,,73.67093671077066,72.1925916446037,,72.93176417768717
2011-02-28,,73.67093671077066,72.1925916446037,,72.93176417768717
2011-03-31,,73.67093671077066,72.1925916446037,,72.93176417768717
2011-04-30,,74.93896699612354,74.46784940130058,,74.70340819871205
2011-05-31,,74.93896699612354,74.46784940130058,,74.70340819871205
2011-06-30,,74.93896699612354,74.46784940130058,,74.70340819871205
2011-07-31,,79.34799295061129,78.13711296502188,,78.74255295781659
2011-08-31,,79.34799295061129,78.13711296502188,,78.74255295781659
2011-09-30,,79.34799295061129,78.13711296502188,,78.74255295781659
2011-10-31,,81.27271467257098,80.34554194895259,,80.80912831076179
2011-11-30,,81.27271467257098,80.34554194895259,,80.80912831076179
2011-12-31,,81.27271467257098,80.34554194895259,,80.80912831076179
2012-01-31,,84.02378335323174,82.92070932083409,,83.47224633703291
2012-02-29,,84.02378335323174,82.92070932083409,,83.47224633703291
2012-03-31,,84.02378335323174,82.92070932083409,,83.47224633703291
2012-04-30,,86.35018689301438,85.03255453083881,,85.6913707119266
2012-05-31,,86.35018689301438,85.03255453083881,,85.6913707119266
2012-06-30,,86.35018689301438,85.03255453083881,,85.6913707119266
2012-07-31,,86.34483581398244,85.02371601570935,,85.6842759148459
2012-08-31,,86.34483581398244,85.02371601570935,,85.6842759148459
2012-09-30,,86.34483581398244,85.02371601570935,,85.6842759148459
2012-10-31,,88.34701659799448,85.93044368546083,,87.13873014172765
2012-11-30,,88.34701659799448,85.93044368546083,,87.13873014172765
2012-12-31,,88.34701659799448,85.93044368546083,,87.13873014172765
2013-01-31,,90.01681642377739,86.9981043184745,,88.50746037112594
2013-02-28,,90.01681642377739,86.9981043184745,,88.50746037112594
2013-03-31,,90.01681642377739,86.9981043184745,,88.50746037112594
2013-04-30,,89.92628669327001,87.53045488357955,,88.72837078842478
2013-05-31,,89.92628669327001,87.53045488357955,,88.72837078842478
2013-06-30,,89.92628669327001,87.53045488357955,,88.72837078842478
2013-07-31,,90.01988671502522,89.21537181753465,,89.61762926627993
2013-08-31,,90.01988671502522,89.21537181753465,,89.61762926627993
2013-09-30,,90.01988671502522,89.21537181753465,,89.61762926627993
2013-10-31,,93.29623836688576,91.60625014997481,,92.45124425843028
2013-11-30,,93.29623836688576,91.60625014997481,,92.45124425843028
2013-12-31,,93.29623836688576,91.60625014997481,,92.45124425843028
2014-01-31,,94.06530246316308,93.40426808296205,,93.73478527306256
2014-02-28,,94.06530246316308,93.40426808296205,,93.73478527306256
2014-03-31,,94.06530246316308,93.40426808296205,,93.73478527306256
2014-04-30,,96.61645132228671,96.27214627942506,,96.44429880085588
2014-05-31,,96.61645132228671,96.27214627942506,,96.44429880085588
2014-06-30,,96.61645132228671,96.27214627942506,,96.44429880085588
2014-07-31,,99.48962987200393,98.60655409891137,,99.04809198545766
2014-08-31,,99.48962987200393,98.60655409891137,,99.04809198545766
2014-09-30,,99.48962987200393,98.60655409891137,,99.04809198545766
2014-10-31,,98.99619020717446,99.67657433551163,,99.33638227134304
2014-11-30,,98.99619020717446,99.67657433551163,,99.33638227134304
2014-12-31,,98.99619020717446,99.67657433551163,,99.33638227134304
2015-01-31,,99.93482210293895,99.87006182961261,,99.90244196627577
2015-02-28,,99.93482210293895,99.87006182961261,,99.90244196627577
2015-03-31,,99.93482210293895,99.87006182961261,,99.90244196627577
2015-04-30,,100.14483002429037,100.4049319714288,,100.27488099785958
2015-05-31,,100.14483002429037,100.4049319714288,,100.27488099785958
2015-06-30,,100.14483002429037,100.4049319714288,,100.27488099785958
2015-07-31,,101.37443780774187,100.85821581974228,,101.11632681374208
2015-08-31,,101.37443780774187,100.85821581974228,,101.11632681374208
2015-09-30,,101.37443780774187,100.85821581974228,,101.11632681374208
2015-10-31,,100.0,100.0,,100.0
2015-11-30,,100.0,100.0,,100.0
2015-12-31,,100.0,100.0,100.0,100.0
2016-01-31,,99.3426945051436,99.5367178314043,100.0,99.6264707788493
2016-02-29,,99.3426945051436,99.5367178314043,100.0,99.6264707788493
2016-03-31,,99.3426945051436,99.5367178314043,100.0,99.6264707788493
2016-04-30,,97.97474817032571,100.4488445941082,100.0,99.47453092147798
2016-05-31,,97.97474817032571,100.4488445941082,100.0,99.47453092147798
2016-06-30,,97.97474817032571,100.4488445941082,100.0,99.47453092147798
2016-07-31,,97.63201594446105,101.73006934834947,100.0,99.78736176427019
2016-08-31,,97.63201594446105,101.73006934834947,100.0,99.78736176427019
2016-09-30,,97.63201594446105,101.73006934834947,100.0,99.78736176427019
2016-10-31,,97.97106382082832,102.85556026587533,100.0,100.27554136223455
2016-11-30,,97.97106382082832,102.85556026587533,100.0,100.27554136223455
2016-12-31,,97.97106382082832,102.85556026587533,135.11111111111111,111.97924506593824
2017-01-31,,98.80258641334716,104.10842978379632,135.11111111111111,112.67404243608486
2017-02-28,,98.80258641334716,104.10842978379632,135.11111111111111,112.67404243608486
2017-03-31,,98.80258641334716,104.10842978379632,135.11111111111111,112.67404243608486
2017-04-30,,100.63765563087028,105.59142064133225,135.11111111111111,113.78006246110454
2017-05-31,,100.63765563087028,105.59142064133225,135.11111111111111,113.78006246110454
2017-06-30,,100.63765563087028,105.59142064133225,135.11111111111111,113.78006246110454
2017-07-31,,102.25297971765602,106.73626830692444,135.11111111111111,114.70011971189719
2017-08-31,,102.25297971765602,106.73626830692444,135.11111111111111,114.70011971189719
2017-09-30,,102.25297971765602,106.73626830692444,135.11111111111111,114.70011971189719
2017-10-31,,105.32318324287668,109.26836291503028,135.11111111111111,116.56755242300603
2017-11-30,,105.32318324287668,109.26836291503028,135.11111111111111,116.56755242300603
2017-12-31,,105.32318324287668,109.26836291503028,192.88888888888894,135.82681168226532
2018-01-31,,107.06947718203406,112.39407779493045,192.88888888888894,137.45081462195117
2018-02-28,,107.06947718203406,112.39407779493045,192.88888888888894,137.45081462195117
2018-03-31,,107.06947718203406,112.39407779493045,192.88888888888894,137.45081462195117
2018-04-30,,107.19904347269238,113.8415146255429,192.88888888888894,137.97648232904143
2018-05-31,,107.19904347269238,113.8415146255429,192.88888888888894,137.97648232904143
2018-06-30,,107.19904347269238,113.8415146255429,192.88888888888894,137.97648232904143
2018-07-31,,107.64493748448405,114.79531438718294,192.88888888888894,138.4430469201853
2018-08-31,,107.64493748448405,114.79531438718294,192.88888888888894,138.4430469201853
2018-09-30,,107.64493748448405,114.79531438718294,192.88888888888894,138.4430469201853
2018-10-31,,108.84673720149092,115.9276041625007,192.88888888888894,139.22107675096018
2018-11-30,,108.84673720149092,115.9276041625007,192.88888888888894,139.22107675096018
2018-12-31,,108.84673720149092,115.9276041625007,287.5555555555556,170.77663230651572
2019-01-31,,109.63957412428714,117.27669751481751,287.5555555555556,171.49060906488674
2019-02-28,,109.63957412428714,117.27669751481751,287.5555555555556,171.49060906488674
2019-03-31,,109.63957412428714,117.27669751481751,287.5555555555556,171.49060906488674
2019-04-30,,110.80531984978379,120.0111181321538,287.5555555555556,172.79066451249773
2019-05-31,,110.80531984978379,120.0111181321538,287.5555555555556,172.79066451249773
2019-06-30,,110.80531984978379,120.0111181321538,287.5555555555556,172.79066451249773
2019-07-31,,108.92910872953978,121.22443429503842,287.5555555555556,172.56969952671125
2019-08-31,,108.92910872953978,121.22443429503842,287.5555555555556,172.56969952671125
2019-09-30,,108.92910872953978,121.22443429503842,287.5555555555556,172.56969952671125
2019-10-31,,106.04628069304367,120.39181417521856,287.5555555555556,171.33121680793928
2019-11-30,,106.04628069304367,120.39181417521856,287.5555555555556,171.33121680793928
2019-12-31,,106.04628069304367,120.39181417521856,308.00000000000006,178.1460316227541
2020-01-31,,100.81064461203361,118.59923532846481,308.00000000000006,175.8032933134995
2020-02-29,,100.81064461203361,118.59923532846481,308.00000000000006,175.8032933134995
2020-03-31,,100.81064461203361,118.59923532846481,308.00000000000006,175.8032933134995
2020-04-30,,89.31810585837886,109.44109389622542,308.00000000000006,168.91973325153478
2020-05-31,,89.31810585837886,109.44109389622542,308.00000000000006,168.91973325153478
2020-06-30,,89.31810585837886,109.44109389622542,308.00000000000006,168.91973325153478
2020-07-31,,98.34037599663846,114.0811543660665,308.00000000000006,173.47384345423498
2020-08-31,,98.34037599663846,114.0811543660665,308.00000000000006,173.47384345423498
2020-09-30,,98.34037599663846,114.0811543660665,308.00000000000006,173.47384345423498
2020-10-31,,101.89551009380178,117.53125474920213,308.00000000000006,175.80892161433465
2020-11-30,,101.89551009380178,117.53125474920213,308.00000000000006,175.80892161433465
2020-12-31,,101.89551009380178,117.53125474920213,415.5555555555556,211.6607734661865
2021-01-31,,103.8702337017975,120.09226449956407,415.5555555555556,213.17268458563908
2021-02-28,,103.8702337017975,120.09226449956407,415.5555555555556,213.17268458563908
2021-03-31,,103.8702337017975,120.09226449956407,415.5555555555556,213.17268458563908
2021-04-30,,106.07250975256083,123.11535662008781,415.5555555555556,214.91447397606808
2021-05-31,,106.07250975256083,123.11535662008781,415.5555555555556,214.91447397606808
2021-06-30,,106.07250975256083,123.11535662008781,415.5555555555556,214.91447397606808
2021-07-31,,104.313759203198,123.82691707793091,415.5555555555556,214.5654106122282
2021-08-31,,104.313759203198,123.82691707793091,415.5555555555556,214.5654106122282
2021-09-30,,104.313759203198,123.82691707793091,415.5555555555556,214.5654106122282
2021-10-31,,105.51985732795184,126.84105070348181,415.5555555555556,215.9721545289964
2021-11-30,,105.51985732795184,126.84105070348181,415.5555555555556,215.9721545289964
2021-12-31,,105.51985732795184,126.84105070348181,575.1111111111111,269.15733971418155
2022-01-31,,110.76303755317085,132.5759672375041,575.1111111111111,272.81670530059534
2022-02-28,,110.76303755317085,132.5759672375041,575.1111111111111,272.81670530059534
2022-03-31,,110.76303755317085,132.5759672375041,575.1111111111111,272.81670530059534
2022-04-30,,113.35383703069499,137.52569568312524,575.1111111111111,275.3302146083104
2022-05-31,,113.35383703069499,137.52569568312524,575.1111111111111,275.3302146083104
2022-06-30,,113.35383703069499,137.52569568312524,575.1111111111111,275.3302146083104
2022-07-31,,115.85077331864271,141.88048407867478,575.1111111111111,277.6141228361428
2022-08-31,,115.85077331864271,141.88048407867478,575.1111111111111,277.6141228361428
2022-09-30,,115.85077331864271,141.88048407867478,575.1111111111111,277.6141228361428
2022-10-31,,118.21287995950725,145.45396373409267,575.1111111111111,279.59265160157037
2022-11-30,,118.21287995950725,145.45396373409267,575.1111111111111,279.59265160157037
2022-12-31,,118.21287995950725,145.45396373409267,679.5555555555557,314.4074664163852
2023-01-31,,120.1290925885801,150.23776005631052,679.5555555555557,316.6408027334821
2023-02-28,,120.1290925885801,150.23776005631052,679.5555555555557,316.6408027334821
2023-03-31,,120.1290925885801,150.23776005631052,679.5555555555557,316.6408027334821
2023-04-30,,123.83142522042496,154.14478367634237,679.5555555555557,319.177254817441
2023-05-31,,123.83142522042496,154.14478367634237,679.5555555555557,319.177254817441
2023-06-30,,123.83142522042496,154.14478367634237,679.5555555555557,319.177254817441
2023-07-31,,123.79773973930594,154.839746922517,679.5555555555557,319.3976807391262
2023-08-31,,123.79773973930594,154.839746922517,679.5555555555557,319.3976807391262
2023-09-30,,123.79773973930594,154.839746922517,679.5555555555557,319.3976807391262
2023-10-31,,125.12322833229675,157.62723862391118,679.5555555555557,320.7686741705879
2023-11-30,,125.12322833229675,157.62723862391118,679.5555555555557,320.7686741705879
2023-12-31,,125.12322833229675,157.62723862391118,628.4444444444446,303.7316371335508
2024-01-31,,126.37336320580512,158.5234480607258,628.4444444444446,304.4470852369918
2024-02-29,,126.37336320580512,158.5234480607258,628.4444444444446,304.4470852369918
2024-03-31,,126.37336320580512,158.5234480607258,628.4444444444446,304.4470852369918
2024-04-30,,129.6998044663088,160.46948112717064,628.4444444444446,306.204576679308
2024-05-31,,129.6998044663088,160.46948112717064,628.4444444444446,306.204576679308
2024-06-30,,129.6998044663088,160.46948112717064,628.4444444444446,306.204576679308
2024-07-31,,132.9631731723214,162.7400996632566,628.4444444444446,308.0492390933409
2024-08-31,,132.9631731723214,162.7400996632566,628.4444444444446,308.0492390933409
2024-09-30,,132.9631731723214,162.7400996632566,628.4444444444446,308.0492390933409
2024-10-31,,131.77426867855542,161.82841282664512,628.4444444444446,307.34904198321505
2024-11-30,,131.77426867855542,161.82841282664512,628.4444444444446,307.34904198321505
2024-12-31,,131.77426867855542,161.82841282664512,737.7777777777779,343.79348642765945
2025-01-31,,138.52347062213747,165.48495852696746,737.7777777777779,347.26206897562764
2025-02-28,,138.52347062213747,165.48495852696746,737.7777777777779,347.26206897562764
2025-03-31,,138.52347062213747,165.48495852696746,737.7777777777779,347.26206897562764
2025-04-30,,142.55230679753709,168.27221026867485,737.7777777777779,349.53409828133
2025-05-31,,142.55230679753709,168.27221026867485,737.7777777777779,349.53409828133
2025-06-30,,142.55230679753709,168.27221026867485,737.7777777777779,349.53409828133
2025-07-31,,146.44657649367477,171.7101127010662,737.7777777777779,351.9781556575063
2025-08-31,,146.44657649367477,171.7101127010662,737.7777777777779,351.9781556575063
2025-09-30,,146.44657649367477,171.7101127010662,737.7777777777779,351.9781556575063
2025-10-31,,149.04439377976536,175.1287383719535,737.7777777777779,353.98363664316565
2025-11-30,,,,737.7777777777779,737.7777777777779
2025-12-31,,,,808.888888888889,808.888888888889
