Date,QQQ,SOXX,NVDA,SP500,NASDAQ,VIX,BTC
2000-01-31,75.5738525390625,,0.07070621848106384,1394.4599609375,3940.35009765625,24.950000762939453,
2000-02-29,89.95127868652344,,0.12209538370370865,1366.4200439453125,4696.68994140625,23.3700008392334,
2000-03-31,92.26853942871094,,0.1611744910478592,1498.5799560546875,4572.830078125,24.110000610351562,
2000-04-30,79.83966827392578,,0.17002767324447632,1452.4300537109375,3860.659912109375,26.200000762939453,
2000-05-31,70.0440444946289,,0.21772100031375885,1420.5999755859375,3400.909912109375,23.649999618530273,
2000-06-30,78.73371124267578,,0.24252235889434814,1454.5999755859375,3966.110107421875,19.540000915527344,
2000-07-31,75.36322021484375,,0.228929340839386,1430.8299560546875,3766.989990234375,20.739999771118164,
2000-08-31,85.63280487060547,,0.30285441875457764,1517.6800537109375,4206.35009765625,16.84000015258789,
2000-09-30,74.78388977050781,,0.3123933672904968,1436.510009765625,3672.820068359375,20.56999969482422,
2000-10-31,68.84595489501953,,0.2370966076850891,1429.4000244140625,3369.6298828125,23.6299991607666,
2000-11-30,53.07284927368164,,0.15452736616134644,1314.949951171875,2597.929931640625,29.649999618530273,
2000-12-31,49.18880844116211,,0.1250164955854416,1320.280029296875,2470.52001953125,26.850000381469727,
2001-01-31,54.18144226074219,,0.1969745010137558,1366.010009765625,2772.72998046875,22.020000457763672,
2001-02-28,39.9830436706543,,0.17050479352474213,1239.93994140625,2151.830078125,28.350000381469727,
2001-03-31,32.989173889160156,,0.24770891666412354,1160.3299560546875,1840.260009765625,28.639999389648438,
2001-04-30,38.88760757446289,,0.3178299367427826,1249.4599609375,2116.239990234375,25.479999542236328,
2001-05-31,37.69105529785156,,0.3266436755657196,1255.8199462890625,2110.489990234375,22.639999389648438,
2001-06-30,38.508419036865234,,0.3538863956928253,1224.3800048828125,2160.5400390625,19.059999465942383,
2001-07-31,35.188438415527344,20.227237701416016,0.3086727559566498,1211.22998046875,2027.1300048828125,21.6200008392334,
2001-08-31,30.865718841552734,18.84225845336914,0.32320982217788696,1133.5799560546875,1805.4300537109375,24.920000076293945,
2001-09-30,24.419567108154297,13.124438285827637,0.2096232771873474,1040.93994140625,1498.800048828125,31.93000030517578,
2001-10-31,28.565330505371094,15.93544864654541,0.32706406712532043,1059.780029296875,1690.199951171875,33.560001373291016,
2001-11-30,33.41047668457031,18.56854820251465,0.41695648431777954,1139.449951171875,1930.5799560546875,23.84000015258789,
2001-12-31,32.78695297241211,18.2017822265625,0.5105123519897461,1148.0799560546875,1950.4000244140625,23.799999237060547,
2002-01-31,32.44989013671875,18.979116439819336,0.5016605854034424,1130.199951171875,1934.030029296875,21.09000015258789,
2002-02-28,28.464214324951172,16.88796615600586,0.38925591111183167,1106.72998046875,1731.489990234375,21.59000015258789,
2002-03-31,30.38542938232422,19.496427536010742,0.33851051330566406,1147.3900146484375,1845.3499755859375,17.399999618530273,
2002-04-30,26.7368106842041,17.654359817504883,0.26563411951065063,1076.9200439453125,1688.22998046875,21.90999984741211,
2002-05-31,25.312759399414062,16.36790657043457,0.2553323209285736,1067.1400146484375,1615.72998046875,19.979999542236328,
2002-06-30,21.99277687072754,13.11348819732666,0.13110052049160004,989.8200073242188,1463.2099609375,25.399999618530273,
2002-07-31,20.096851348876953,11.331633567810059,0.08447492867708206,911.6199951171875,1328.260009765625,32.029998779296875,
2002-08-31,19.79350471496582,10.401013374328613,0.07707320898771286,916.0700073242188,1314.8499755859375,32.63999938964844,
2002-09-30,17.459402084350586,8.082682609558105,0.06532087922096252,815.280029296875,1172.06005859375,39.689998626708984,
2002-10-31,20.686691284179688,9.990450859069824,0.0908089280128479,885.760009765625,1329.75,31.139999389648438,
2002-11-30,23.35784149169922,12.371735572814941,0.1307186633348465,936.3099975585938,1478.780029296875,27.5,
2002-12-31,20.535022735595703,9.49229621887207,0.08783289045095444,879.8200073242188,1335.510009765625,28.6200008392334,
2003-01-31,20.59400749206543,9.032459259033203,0.07875171303749084,855.7000122070312,1320.9100341796875,31.170000076293945,
2003-02-28,21.200702667236328,9.81253719329834,0.09630326926708221,841.1500244140625,1337.52001953125,29.6299991607666,
2003-03-31,21.27652931213379,9.56346321105957,0.0982866957783699,848.1799926757812,1341.1700439453125,29.149999618530273,
2003-04-30,23.130332946777344,10.784209251403809,0.1093522310256958,916.9199829101562,1464.31005859375,21.209999084472656,
2003-05-31,25.102108001708984,12.426477432250977,0.1997024416923523,963.5900268554688,1595.9100341796875,19.469999313354492,
2003-06-30,25.236919403076172,11.933795928955078,0.17482607066631317,974.5,1622.800048828125,19.520000457763672,
2003-07-31,26.79579734802246,13.220236778259277,0.14567509293556213,990.3099975585938,1735.02001953125,19.489999771118164,
2003-08-31,28.135581970214844,15.382549285888672,0.13865520060062408,1008.010009765625,1810.449951171875,18.6299991607666,
2003-09-30,27.31822967529297,14.343484878540039,0.12186644971370697,995.969970703125,1786.93994140625,22.719999313354492,
2003-10-31,29.64389991760254,17.05341148376465,0.13491536676883698,1050.7099609375,1932.2099609375,16.100000381469727,
2003-11-30,29.812440872192383,17.953990936279297,0.1620059311389923,1058.199951171875,1960.260009765625,16.31999969482422,
2003-12-31,30.734493255615234,17.17658805847168,0.17703838646411896,1111.9200439453125,2003.3699951171875,18.309999465942383,
2004-01-31,31.248701095581055,17.792491912841797,0.16978952288627625,1131.1300048828125,2066.14990234375,16.6299991607666,
2004-02-29,30.827192306518555,17.6364688873291,0.16978952288627625,1144.93994140625,2029.8199462890625,14.550000190734863,
2004-03-31,30.211835861206055,16.87822723388672,0.20145785808563232,1126.2099609375,1994.219970703125,16.739999771118164,
2004-04-30,29.30987548828125,15.137298583984375,0.15658774971961975,1107.300048828125,1920.1500244140625,17.190000534057617,
2004-05-31,30.810352325439453,16.703039169311523,0.17894677817821503,1120.6800537109375,1986.739990234375,15.5,
2004-06-30,31.81346893310547,16.21854019165039,0.15620586276054382,1140.8399658203125,2047.7900390625,14.34000015258789,
2004-07-31,29.411022186279297,13.87540340423584,0.1176697239279747,1101.719970703125,1887.3599853515625,15.319999694824219,
2004-08-31,28.677658081054688,12.52043628692627,0.09508169442415237,1104.239990234375,1838.0999755859375,15.289999961853027,
2004-09-30,29.621776580810547,13.144542694091797,0.11080184578895569,1114.5799560546875,1896.8399658203125,13.34000015258789,
2004-10-31,31.105365753173828,13.924670219421387,0.11041994392871857,1130.199951171875,1974.989990234375,16.270000457763672,
2004-11-30,32.976768493652344,14.37085247039795,0.14598096907138824,1173.8199462890625,2096.81005859375,13.239999771118164,
2004-12-31,33.97345733642578,14.726703643798828,0.1797855645418167,1211.9200439453125,2175.43994140625,13.289999961853027,
2005-01-31,31.82882308959961,13.642733573913574,0.1749020665884018,1181.27001953125,2062.409912109375,12.819999694824219,
2005-02-28,31.675630569458008,14.715752601623535,0.22122180461883545,1203.5999755859375,2051.719970703125,12.079999923706055,
2005-03-31,31.122446060180664,13.952047348022461,0.18131202459335327,1180.5899658203125,1999.22998046875,14.020000457763672,
2005-04-30,29.769317626953125,13.147281646728516,0.16734738647937775,1156.8499755859375,1921.6500244140625,15.3100004196167,
2005-05-31,32.407527923583984,14.644583702087402,0.20679931342601776,1191.5,2068.219970703125,13.289999961853027,
2005-06-30,31.330108642578125,14.431070327758789,0.20390008389949799,1191.3299560546875,2056.9599609375,12.039999961853027,
2005-07-31,33.71522521972656,16.106304168701172,0.20649436116218567,1234.1800537109375,2184.830078125,11.569999694824219,
2005-08-31,33.20411682128906,16.13641357421875,0.23411881923675537,1220.3299560546875,2152.090087890625,12.600000381469727,
2005-09-30,33.61298751831055,16.229372024536133,0.2615903913974762,1228.81005859375,2151.68994140625,11.920000076293945,
2005-10-31,33.11044692993164,15.281805992126465,0.25601905584335327,1207.010009765625,2120.300048828125,15.319999694824219,
2005-11-30,35.12922668457031,16.938703536987305,0.27585989236831665,1249.47998046875,2232.820068359375,12.0600004196167,
2005-12-31,34.50527572631836,16.69769859313965,0.2789889872074127,1248.2900390625,2205.320068359375,12.069999694824219,
2006-01-31,35.8629264831543,18.193016052246094,0.34308919310569763,1280.0799560546875,2305.820068359375,12.949999809265137,
2006-02-28,35.09445571899414,17.790424346923828,0.35964804887771606,1280.6600341796875,2281.389892578125,12.34000015258789,
2006-03-31,35.82828140258789,17.853408813476562,0.4369502365589142,1294.8699951171875,2339.7900390625,11.390000343322754,
2006-04-30,35.75991439819336,18.272436141967773,0.4459543526172638,1310.6099853515625,2322.570068359375,11.59000015258789,
2006-05-31,33.17084503173828,16.541584014892578,0.3507198095321655,1270.0899658203125,2178.8798828125,16.440000534057617,
2006-06-30,33.150428771972656,15.8807954788208,0.32492679357528687,1270.199951171875,2172.090087890625,13.079999923706055,
2006-07-31,31.722476959228516,15.198437690734863,0.33789971470832825,1276.6600341796875,2091.469970703125,14.949999809265137,
2006-08-31,33.23594665527344,16.565908432006836,0.4442759156227112,1303.8199462890625,2183.75,12.3100004196167,
2006-09-30,34.777923583984375,16.861841201782227,0.45160162448883057,1335.8499755859375,2258.429931640625,11.979999542236328,
2006-10-31,36.429134368896484,16.697275161743164,0.5321847796440125,1377.93994140625,2366.7099609375,11.100000381469727,
2006-11-30,37.67823028564453,17.245805740356445,0.5645401477813721,1400.6300048828125,2431.77001953125,10.90999984741211,
2006-12-31,36.97035598754883,16.735637664794922,0.5648448467254639,1418.300048828125,2415.2900390625,11.5600004196167,
2007-01-31,37.74984359741211,16.680776596069336,0.4677788019180298,1438.239990234375,2463.929931640625,10.420000076293945,
2007-02-28,37.115970611572266,16.974294662475586,0.47312095761299133,1406.8199462890625,2416.14990234375,15.420000076293945,
2007-03-31,37.31077575683594,16.558303833007812,0.439239501953125,1420.8599853515625,2421.639892578125,14.640000343322754,
2007-04-30,39.39360046386719,17.566072463989258,0.5019663572311401,1482.3699951171875,2525.090087890625,14.220000267028809,
2007-05-31,40.636417388916016,17.714359283447266,0.5286739468574524,1530.6199951171875,2604.52001953125,13.050000190734863,
2007-06-30,40.8311882019043,18.1019287109375,0.630471408367157,1503.3499755859375,2603.22998046875,16.229999542236328,
2007-07-31,40.77116012573242,18.11017608642578,0.6983875632286072,1455.27001953125,2546.27001953125,23.520000457763672,
2007-08-31,41.92059326171875,18.357654571533203,0.7808022499084473,1473.989990234375,2596.360107421875,23.3799991607666,
2007-09-30,44.12232208251953,18.57780647277832,0.8296400904655457,1526.75,2701.5,18.0,
2007-10-31,47.22917175292969,17.79867935180664,0.8099521398544312,1549.3800048828125,2859.1201171875,18.530000686645508,
2007-11-30,44.03651428222656,16.28173828125,0.7220435738563538,1481.1400146484375,2660.9599609375,22.8700008392334,
2007-12-31,44.00508117675781,16.376049041748047,0.7788176536560059,1468.3599853515625,2652.280029296875,22.5,
2008-01-31,38.77292251586914,14.115764617919922,0.5629374980926514,1378.550048828125,2389.860107421875,26.200000762939453,
2008-02-29,36.9000129699707,13.834606170654297,0.48968005180358887,1330.6300048828125,2271.47998046875,26.540000915527344,
2008-03-31,37.59090042114258,13.66094970703125,0.45305129885673523,1322.699951171875,2279.10009765625,25.610000610351562,
2008-04-30,40.59162902832031,14.716662406921387,0.47044986486434937,1385.5899658203125,2412.800048828125,20.790000915527344,
2008-05-31,42.99910354614258,15.965344429016113,0.5654554963111877,1400.3800048828125,2522.659912109375,17.829999923706055,
2008-06-30,38.86471176147461,14.14958381652832,0.42855578660964966,1280.0,2292.97998046875,23.950000762939453,
2008-07-31,39.11421585083008,12.986114501953125,0.2618952691555023,1267.3800048828125,2325.550048828125,22.940000534057617,
2008-08-31,39.68210220336914,13.558173179626465,0.289366751909256,1282.8299560546875,2367.52001953125,20.649999618530273,
2008-09-30,33.50110626220703,11.203598022460938,0.2451833337545395,1166.3599853515625,2091.8798828125,39.38999938964844,
2008-10-31,28.31795310974121,9.227629661560059,0.20054210722446442,968.75,1720.949951171875,59.88999938964844,
2008-11-30,25.07202911376953,7.481041431427002,0.17101027071475983,896.239990234375,1535.5699462890625,55.279998779296875,
2008-12-31,25.643016815185547,7.908020496368408,0.18474598228931427,903.25,1577.030029296875,40.0,
2009-01-31,25.056690216064453,7.701746463775635,0.1819988638162613,825.8800048828125,1476.4200439453125,44.84000015258789,
2009-02-28,23.737455368041992,7.576311111450195,0.18955352902412415,735.0900268554688,1377.8399658203125,46.349998474121094,
2009-03-31,26.186349868774414,8.680145263671875,0.22572436928749084,797.8699951171875,1528.5899658203125,44.13999938964844,
2009-04-30,29.606449127197266,9.758891105651855,0.26281097531318665,872.8099975585938,1717.300048828125,36.5,
2009-05-31,30.556499481201172,10.151923179626465,0.23877334594726562,919.1400146484375,1774.3299560546875,28.920000076293945,
2009-06-30,31.45881462097168,10.254064559936523,0.2584612965583801,919.3200073242188,1835.0400390625,26.350000381469727,
2009-07-31,34.113521575927734,11.840005874633789,0.2960057258605957,987.47998046875,1978.5,25.920000076293945,
2009-08-31,34.61505126953125,12.150482177734375,0.3324053883552551,1020.6199951171875,2009.06005859375,26.010000228881836,
2009-09-30,36.57011795043945,12.528087615966797,0.34408092498779297,1057.0799560546875,2122.419921875,25.610000610351562,
2009-10-31,35.453529357910156,11.356111526489258,0.27379968762397766,1036.18994140625,2045.1099853515625,30.690000534057617,
2009-11-30,37.703983306884766,12.128104209899902,0.2989816963672638,1095.6300048828125,2144.60009765625,24.510000228881836,
2009-12-31,39.66565704345703,13.834532737731934,0.42764008045196533,1115.0999755859375,2269.14990234375,21.68000030517578,
2010-01-31,37.09931945800781,12.078171730041504,0.35232222080230713,1073.8699951171875,2147.35009765625,24.6200008392334,
2010-02-28,38.80731964111328,13.04206371307373,0.3708655834197998,1104.489990234375,2238.260009765625,19.5,
2010-03-31,41.799720764160156,13.887928009033203,0.398337185382843,1169.4300537109375,2397.9599609375,17.59000015258789,
2010-04-30,42.737083435058594,14.168947219848633,0.35964804887771606,1186.68994140625,2461.18994140625,22.049999237060547,
2010-05-31,39.577816009521484,13.241591453552246,0.3008132874965668,1089.4100341796875,2257.0400390625,32.06999969482422,
2010-06-30,37.21277618408203,12.33793830871582,0.23373691737651825,1030.7099609375,2109.239990234375,34.540000915527344,
2010-07-31,39.91375732421875,12.978692054748535,0.21038614213466644,1101.5999755859375,2254.699951171875,23.5,
2010-08-31,37.866233825683594,11.620980262756348,0.21359111368656158,1049.3299560546875,2114.030029296875,26.049999237060547,
2010-09-30,42.85429382324219,13.354104042053223,0.2673895061016083,1141.199951171875,2368.6201171875,23.700000762939453,
2010-10-31,45.570350646972656,14.277121543884277,0.2751731872558594,1183.260009765625,2507.409912109375,21.200000762939453,
2010-11-30,45.491729736328125,14.974322319030762,0.3115728795528412,1180.550048828125,2498.22998046875,23.540000915527344,
2010-12-31,47.65583038330078,15.72233772277832,0.35255128145217896,1257.6400146484375,2652.8701171875,17.75,
2011-01-31,49.00342559814453,16.792131423950195,0.5475993752479553,1286.1199951171875,2700.080078125,19.530000686645508,
2011-02-28,50.55228805541992,17.523210525512695,0.5187541246414185,1327.219970703125,2782.27001953125,18.350000381469727,
2011-03-31,50.32566452026367,16.7043399810791,0.42260369658470154,1325.8299560546875,2781.070068359375,17.739999771118164,
2011-04-30,51.77155303955078,17.182100296020508,0.457858681678772,1363.6099853515625,2873.5400390625,14.75,
2011-05-31,51.140647888183594,16.831562042236328,0.45877450704574585,1345.199951171875,2835.300048828125,15.449999809265137,
2011-06-30,50.10478210449219,15.720769882202148,0.3649134337902069,1320.6400146484375,2773.52001953125,16.520000457763672,
2011-07-31,50.939151763916016,14.862494468688965,0.31660935282707214,1292.280029296875,2756.3798828125,25.25,
2011-08-31,48.3570442199707,13.692646980285645,0.30470508337020874,1218.8900146484375,2579.4599609375,31.6200008392334,
2011-09-30,46.1854248046875,13.040823936462402,0.2863906919956207,1131.4200439453125,2415.39990234375,42.959999084472656,
2011-10-31,50.98961639404297,14.881078720092773,0.33881551027297974,1253.300048828125,2684.409912109375,29.959999084472656,
2011-11-30,49.61698913574219,14.350015640258789,0.35781654715538025,1246.9599609375,2620.340087890625,27.799999237060547,
2011-12-31,49.31223678588867,14.056510925292969,0.3172960579395294,1257.5999755859375,2605.14990234375,23.399999618530273,
2012-01-31,53.46354675292969,15.795077323913574,0.3381286561489105,1312.4100341796875,2813.840087890625,19.440000534057617,
2012-02-29,56.890586853027344,16.412540435791016,0.34682801365852356,1365.6800537109375,2966.889892578125,18.43000030517578,
2012-03-31,59.765296936035156,16.946245193481445,0.35255128145217896,1408.469970703125,3091.570068359375,15.5,
2012-04-30,59.06635284423828,15.994178771972656,0.29760828614234924,1397.9100341796875,3046.360107421875,17.149999618530273,
2012-05-31,54.907981872558594,14.315228462219238,0.2845592796802521,1310.3299560546875,2827.340087890625,24.059999465942383,
2012-06-30,56.896453857421875,14.947955131530762,0.31638044118881226,1362.1600341796875,2935.050048828125,17.079999923706055,
2012-07-31,57.4640007019043,14.910819053649902,0.30997034907341003,1379.3199462890625,2939.52001953125,18.93000030517578,
2012-08-31,60.44359588623047,15.413658142089844,0.32118797302246094,1406.5799560546875,3066.9599609375,17.469999313354492,
2012-09-30,60.9806022644043,14.888188362121582,0.3053918480873108,1440.6700439453125,3116.22998046875,15.729999542236328,
2012-10-31,57.76127624511719,14.317108154296875,0.2742573916912079,1412.1600341796875,2977.22998046875,18.600000381469727,
2012-11-30,58.517173767089844,14.615565299987793,0.27579641342163086,1416.1800537109375,3010.239990234375,15.869999885559082,
2012-12-31,58.243961334228516,14.987211227416992,0.2824781835079193,1426.18994140625,3019.510009765625,18.020000457763672,
2013-01-31,59.79996871948242,16.133432388305664,0.2824781835079193,1498.1099853515625,3142.1298828125,14.279999732971191,
2013-02-28,60.00566101074219,16.7209415435791,0.2934839129447937,1514.6800537109375,3160.18994140625,15.510000228881836,
2013-03-31,61.82069396972656,17.110336303710938,0.2974250018596649,1569.18994140625,3267.52001953125,12.699999809265137,
2013-04-30,63.38927459716797,17.410871505737305,0.3192159831523895,1597.5699462890625,3328.7900390625,13.520000457763672,
2013-05-31,65.65705108642578,18.402067184448242,0.3371473252773285,1630.739990234375,3455.909912109375,16.299999237060547,
2013-06-30,64.08435821533203,18.394145965576172,0.32712841033935547,1606.280029296875,3403.25,16.860000610351562,
2013-07-31,68.13070678710938,18.814037322998047,0.33644843101501465,1685.72998046875,3626.3701171875,13.449999809265137,
2013-08-31,67.8609390258789,18.07271385192871,0.3454039990901947,1632.969970703125,3589.8701171875,17.010000228881836,
2013-09-30,71.14007568359375,19.38767433166504,0.36437204480171204,1681.550048828125,3771.47998046875,16.600000381469727,
2013-10-31,74.66645050048828,20.0334415435791,0.3557076156139374,1756.5400390625,3919.7099609375,13.75,
2013-11-30,77.31794738769531,20.207977294921875,0.36728712916374207,1805.81005859375,4059.889892578125,13.699999809265137,
2013-12-31,79.58111572265625,21.218788146972656,0.37717562913894653,1848.3599853515625,4176.58984375,13.720000267028809,
2014-01-31,78.05211639404297,20.988237380981445,0.3696415424346924,1782.5899658203125,4103.8798828125,18.40999984741211,
2014-02-28,82.0737075805664,22.397764205932617,0.43469342589378357,1859.449951171875,4308.1201171875,14.0,
2014-03-31,79.83014678955078,23.317434310913086,0.42357784509658813,1872.3399658203125,4198.990234375,13.880000114440918,
2014-04-30,79.5751953125,22.884384155273438,0.4368220567703247,1883.949951171875,4114.56005859375,13.40999984741211,
2014-05-31,83.14464569091797,23.896772384643555,0.4514264464378357,1923.5699462890625,4242.6201171875,11.399999618530273,
2014-06-30,85.7419204711914,25.351871490478516,0.44049713015556335,1960.22998046875,4408.18017578125,11.569999694824219,
2014-07-31,86.75536346435547,24.248600006103516,0.4157874286174774,1930.6700439453125,4369.77001953125,16.950000762939453,
2014-08-31,91.10137176513672,25.803743362426758,0.4641622304916382,2003.3699951171875,4580.27001953125,12.09000015258789,
2014-09-30,90.41207122802734,25.55423927307129,0.44029781222343445,1972.2900390625,4493.39013671875,16.309999465942383,386.9440002441406
2014-10-31,92.80069732666016,25.64251136779785,0.466310054063797,2018.050048828125,4630.740234375,14.029999732971191,338.3210144042969
2014-11-30,97.01976013183594,27.493249893188477,0.5025539398193359,2067.56005859375,4791.6298828125,13.329999923706055,378.0469970703125
2014-12-31,94.84593200683594,27.55276107788086,0.4805057942867279,2058.89990234375,4736.0498046875,19.200000762939453,320.1929931640625
2015-01-31,92.87091827392578,26.212047576904297,0.4601351320743561,1994.989990234375,4635.240234375,20.969999313354492,217.46400451660156
2015-02-28,99.57671356201172,28.730337142944336,0.5307120084762573,2104.5,4963.52978515625,13.34000015258789,254.26300048828125
2015-03-31,97.22774505615234,27.962345123291016,0.5035265684127808,2067.889892578125,4900.8798828125,15.289999961853027,244.2239990234375
2015-04-30,99.09679412841797,27.60247802734375,0.5340799689292908,2085.510009765625,4941.419921875,14.550000190734863,236.14500427246094
2015-05-31,101.32492065429688,30.059062957763672,0.5348601937294006,2107.389892578125,5070.02978515625,13.84000015258789,230.19000244140625
2015-06-30,98.80792999267578,27.45966148376465,0.4860387146472931,2063.110107421875,4986.8701171875,18.229999542236328,263.0719909667969
2015-07-31,103.31139373779297,26.102924346923828,0.4821717441082001,2103.840087890625,5128.27978515625,12.119999885559082,284.6499938964844
2015-08-31,96.26091766357422,24.75514030456543,0.5456053018569946,1972.1800537109375,4776.509765625,28.43000030517578,230.05599975585938
2015-09-30,94.1361083984375,24.426538467407227,0.5982728004455566,1920.030029296875,4620.16015625,24.5,236.05999755859375
2015-10-31,104.83930206298828,26.84940528869629,0.6885597705841064,2079.360107421875,5053.75,15.069999694824219,314.1659851074219
2015-11-30,105.47760772705078,27.470117568969727,0.7727900743484497,2080.409912109375,5108.669921875,16.1299991607666,377.3210144042969
2015-12-31,103.79552459716797,26.99660301208496,0.8030000925064087,2043.93994140625,5007.41015625,18.209999084472656,430.5669860839844
2016-01-31,96.62277221679688,24.95021629333496,0.7135881185531616,1940.239990234375,4613.9501953125,20.200000762939453,368.7669982910156
2016-02-29,95.11031341552734,25.382936477661133,0.7668029069900513,1932.22998046875,4557.9501953125,20.549999237060547,437.6969909667969
2016-03-31,101.62783813476562,27.6146240234375,0.8712112903594971,2059.739990234375,4869.85009765625,13.949999809265137,416.72900390625
2016-04-30,98.38914489746094,26.336666107177734,0.868766188621521,2065.300048828125,4775.35986328125,15.699999809265137,448.3179931640625
2016-05-31,102.68878173828125,28.62432861328125,1.1453465223312378,2096.949951171875,4948.0498046875,14.1899995803833,531.385986328125
2016-06-30,100.34951782226562,28.31290054321289,1.1524559259414673,2098.860107421875,4842.669921875,15.630000114440918,673.3369750976562
2016-07-31,107.52532958984375,31.445343017578125,1.3998132944107056,2173.60009765625,5162.1298828125,11.869999885559082,624.6810302734375
2016-08-31,108.65443420410156,32.9268913269043,1.5065287351608276,2170.949951171875,5213.22021484375,13.420000076293945,575.4719848632812
2016-09-30,111.0595474243164,34.30695724487305,1.6828718185424805,2168.27001953125,5312.0,13.289999961853027,609.7349853515625
2016-10-31,109.44114685058594,33.812042236328125,1.747711181640625,2126.14990234375,5189.14013671875,17.059999465942383,700.9719848632812
2016-11-30,109.91825103759766,36.24713134765625,2.267849922180176,2198.81005859375,5323.68017578125,13.329999923706055,745.6909790039062
2016-12-31,111.16278839111328,37.34819030761719,2.62549090385437,2238.830078125,5383.1201171875,14.039999961853027,963.7429809570312
2017-01-31,116.87664031982422,38.91249084472656,2.6855082511901855,2278.8701171875,5614.7900390625,11.989999771118164,970.4030151367188
2017-02-28,121.99009704589844,40.00810623168945,2.499260663986206,2363.639892578125,5825.43994140625,12.920000076293945,1179.969970703125
2017-03-31,124.46265411376953,41.76966094970703,2.6827406883239746,2362.719970703125,5911.740234375,12.369999885559082,1071.7900390625
2017-04-30,127.85675811767578,41.53166198730469,2.568711280822754,2384.199951171875,6047.60986328125,10.819999694824219,1347.8900146484375
2017-05-31,132.83981323242188,45.15664291381836,3.5588114261627197,2411.800048828125,6198.52001953125,10.40999984741211,2286.409912109375
2017-06-30,129.76063537597656,42.885135650634766,3.5639896392822266,2423.409912109375,6140.419921875,11.180000305175781,2480.840087890625
2017-07-31,135.0306396484375,44.959022521972656,4.006529331207275,2470.300048828125,6348.1201171875,10.260000228881836,2875.340087890625
2017-08-31,137.8306121826172,46.265167236328125,4.181060314178467,2471.64990234375,6428.66015625,10.59000015258789,4703.39013671875
2017-09-30,137.4236602783203,48.662837982177734,4.411283493041992,2519.360107421875,6495.9599609375,9.510000228881836,4338.7099609375
2017-10-31,143.7539520263672,53.00526809692383,5.103191375732422,2575.260009765625,6727.669921875,10.180000305175781,6468.39990234375
2017-11-30,146.58836364746094,52.9561653137207,4.95611047744751,2647.580078125,6873.97021484375,11.279999732971191,10233.599609375
2017-12-31,147.47250366210938,52.20765686035156,4.778075218200684,2673.610107421875,6903.39013671875,11.039999961853027,14156.400390625
2018-01-31,160.38670349121094,56.71482467651367,6.069514274597168,2823.81005859375,7411.47998046875,13.539999961853027,10221.099609375
2018-02-28,158.3132781982422,56.84088897705078,5.979395389556885,2713.830078125,7273.009765625,19.850000381469727,10397.900390625
2018-03-31,151.85589599609375,55.464752197265625,5.7221832275390625,2640.8701171875,7063.4501953125,19.969999313354492,6973.52978515625
2018-04-30,152.6240692138672,51.97452926635742,5.556883335113525,2648.050048828125,7066.27001953125,15.930000305175781,9240.5498046875
2018-05-31,161.2823028564453,57.73818588256836,6.235025882720947,2705.27001953125,7442.1201171875,15.430000305175781,7494.169921875
2018-06-30,163.12908935546875,55.096092224121094,5.857003688812256,2718.3701171875,7510.2998046875,16.09000015258789,6404.0
2018-07-31,167.6908416748047,57.34023666381836,6.053801536560059,2816.2900390625,7671.7900390625,12.829999923706055,7780.43994140625
2018-08-31,177.38449096679688,58.83015060424805,6.943194389343262,2901.52001953125,8109.5400390625,12.859999656677246,7037.580078125
2018-09-30,176.8848876953125,57.453590393066406,6.951605319976807,2913.97998046875,8046.35009765625,12.119999885559082,6625.56005859375
2018-10-31,161.68035888671875,50.595176696777344,5.215312957763672,2711.739990234375,7305.89990234375,21.229999542236328,6317.60986328125
2018-11-30,161.25189208984375,52.23758316040039,4.046821594238281,2760.169921875,7330.5400390625,18.06999969482422,4017.2685546875
2018-12-31,147.28634643554688,48.820133209228516,3.3057005405426025,2506.85009765625,6635.27978515625,25.420000076293945,3742.700439453125
2019-01-31,160.55799865722656,53.729835510253906,3.5595083236694336,2704.10009765625,7281.740234375,16.56999969482422,3457.792724609375
2019-02-28,165.36065673828125,57.16788101196289,3.8236916065216064,2784.489990234375,7532.52978515625,14.779999732971191,3854.785400390625
2019-03-31,171.85028076171875,59.13294219970703,4.450810432434082,2834.39990234375,7729.31982421875,13.710000038146973,4105.404296875
2019-04-30,181.30075073242188,66.00276184082031,4.486503601074219,2945.830078125,8095.39013671875,13.119999885559082,5350.7265625
2019-05-31,166.3884735107422,55.0709342956543,3.361522674560547,2752.06005859375,7453.14990234375,18.709999084472656,8574.501953125
2019-06-30,179.01748657226562,62.154571533203125,4.075468063354492,2941.760009765625,8006.240234375,15.079999923706055,10817.1552734375
2019-07-31,183.1971435546875,65.65370178222656,4.186890125274658,2980.3798828125,8175.419921875,16.1200008392334,10085.6279296875
2019-08-31,179.71726989746094,64.1343994140625,4.160975933074951,2926.4599609375,7962.8798828125,18.979999542236328,9630.6640625
2019-09-30,181.36688232421875,66.52364349365234,4.323929786682129,2976.739990234375,7999.33984375,16.239999771118164,8293.8681640625
2019-10-31,189.31088256835938,70.59544372558594,4.99337100982666,3037.56005859375,8292.3603515625,13.220000267028809,9199.5849609375
2019-11-30,197.0147247314453,73.4651870727539,5.387832164764404,3140.97998046875,8665.4697265625,12.619999885559082,7569.6298828125
2019-12-31,204.67141723632812,79.29228973388672,5.849205493927002,3230.780029296875,8972.599609375,13.779999732971191,7193.59912109375
2020-01-31,210.89022827148438,76.75343322753906,5.877295970916748,3225.52001953125,9150.9404296875,18.84000015258789,9350.529296875
2020-02-29,198.11572265625,73.1946029663086,6.717551231384277,2954.219970703125,8567.3701171875,40.11000061035156,8599.5087890625
2020-03-31,183.68128967285156,65.02438354492188,6.55662202835083,2584.590087890625,7700.10009765625,53.540000915527344,6438.64453125
2020-04-30,211.1852569580078,74.47651672363281,7.269989490509033,2912.429931640625,8889.5498046875,34.150001525878906,8658.5537109375
2020-05-31,225.12538146972656,79.80622100830078,8.830544471740723,3044.31005859375,9489.8701171875,27.510000228881836,9461.05859375
2020-06-30,239.2782440185547,86.01686096191406,9.453953742980957,3100.2900390625,10058.76953125,30.43000030517578,9137.9931640625
2020-07-31,256.85693359375,92.21561431884766,10.565805435180664,3271.1201171875,10745.26953125,24.459999084472656,11323.466796875
2020-08-31,284.9692077636719,97.56011962890625,13.312829971313477,3500.31005859375,11775.4599609375,26.40999984741211,11680.8203125
2020-09-30,268.5019226074219,97.08106994628906,13.472138404846191,3363.0,11167.509765625,26.3700008392334,10784.4912109375
2020-10-31,260.32623291015625,97.35834503173828,12.479937553405762,3269.9599609375,10911.58984375,38.02000045776367,13780.9951171875
2020-11-30,289.5498962402344,115.31106567382812,13.343695640563965,3621.6298828125,12198.740234375,20.56999969482422,19625.8359375
2020-12-31,303.744873046875,121.09302520751953,13.002531051635742,3756.070068359375,12888.2802734375,22.75,29001.720703125
2021-01-31,304.53875732421875,125.00192260742188,12.937541961669922,3714.239990234375,13070.6904296875,33.09000015258789,33114.359375
2021-02-28,304.1322021484375,133.14227294921875,13.659380912780762,3811.14990234375,13192.349609375,27.950000762939453,45137.76953125
2021-03-31,309.3533935546875,135.65853881835938,13.299192428588867,3972.889892578125,13246.8701171875,19.399999618530273,58918.83203125
2021-04-30,327.6356201171875,135.0314178466797,14.954334259033203,4181.169921875,13962.6796875,18.610000610351562,57750.17578125
2021-05-31,323.699951171875,138.43893432617188,16.184795379638672,4204.10986328125,13748.740234375,16.760000228881836,37332.85546875
2021-06-30,343.9704895019531,145.50450134277344,19.933547973632812,4297.5,14503.9501953125,15.829999923706055,35040.8359375
2021-07-31,353.8113098144531,146.3662109375,19.43178939819336,4395.259765625,14672.6796875,18.239999771118164,41626.1953125
2021-08-31,368.7373962402344,149.97964477539062,22.31177520751953,4522.68017578125,15259.240234375,16.479999542236328,47166.6875
2021-09-30,347.7815856933594,143.1787872314453,20.64823341369629,4307.5400390625,14448.580078125,23.139999389648438,43790.89453125
2021-10-31,375.13104248046875,152.41429138183594,25.483366012573242,4605.3798828125,15498.3896484375,16.260000228881836,61318.95703125
2021-11-30,382.6218566894531,169.95074462890625,32.56910705566406,4567.0,15537.6904296875,27.190000534057617,57005.42578125
2021-12-31,387.03094482421875,174.48265075683594,29.31838035583496,4766.18017578125,15644.9697265625,17.219999313354492,46306.4453125
2022-01-31,353.1772155761719,154.26168823242188,24.40888786315918,4515.5498046875,14239.8798828125,24.829999923706055,38483.125
2022-02-28,337.3691711425781,152.55325317382812,24.308208465576172,4373.93994140625,13751.400390625,30.149999618530273,43193.234375
2022-03-31,353.11724853515625,152.5579071044922,27.204702377319336,4530.41015625,14220.51953125,20.559999465942383,45538.67578125
2022-04-30,305.1082458496094,129.18809509277344,18.491744995117188,4131.93017578125,12334.6396484375,33.400001525878906,37714.875
2022-05-31,300.2674255371094,137.36268615722656,18.61637306213379,4132.14990234375,12081.3896484375,26.190000534057617,31792.310546875
2022-06-30,273.52001953125,112.86425018310547,15.117032051086426,3785.3798828125,11028.740234375,28.709999084472656,19784.7265625
2022-07-31,307.8514099121094,131.49794006347656,18.11271095275879,4130.2900390625,12390.6904296875,21.329999923706055,23336.896484375
2022-08-31,292.0519104003906,119.34664916992188,15.052210807800293,3955.0,11816.2001953125,25.8700008392334,20049.763671875
2022-09-30,261.28265380859375,103.45384216308594,12.108989715576172,3585.6201171875,10575.6201171875,31.6200008392334,19431.7890625
2022-10-31,271.733642578125,105.9693374633789,13.463632583618164,3871.97998046875,10988.150390625,25.8799991607666,20495.7734375
2022-11-30,286.7989501953125,125.94734191894531,16.885478973388672,4080.110107421875,11468.0,20.579999923706055,17168.56640625
2022-12-31,260.9478454589844,113.26345825195312,14.581600189208984,3839.5,10466.48046875,21.670000076293945,16547.49609375
2023-01-31,288.7203674316406,131.3931427001953,19.493690490722656,4076.60009765625,11584.5498046875,19.399999618530273,23139.283203125
2023-02-28,287.6815490722656,133.39495849609375,23.164525985717773,3970.14990234375,11455.5400390625,20.700000762939453,23147.353515625
2023-03-31,314.9903564453125,145.09959411621094,27.720123291015625,4109.31005859375,12221.91015625,18.700000762939453,28478.484375
2023-04-30,316.5902404785156,134.48480224609375,27.69217872619629,4169.47998046875,12226.580078125,15.779999732971191,29268.806640625
2023-05-31,341.549560546875,155.5513153076172,37.756526947021484,4179.830078125,12935.2900390625,17.940000534057617,27219.658203125
2023-06-30,363.08038330078125,165.7471160888672,42.21974563598633,4450.3798828125,13787.919921875,13.59000015258789,30477.251953125
2023-07-31,377.09564208984375,174.9092254638672,46.638153076171875,4588.9599609375,14346.01953125,13.630000114440918,29230.111328125
2023-08-31,371.5032958984375,166.86135864257812,49.259037017822266,4507.66015625,14034.9697265625,13.569999694824219,25931.47265625
2023-09-30,352.63140869140625,155.3162384033203,43.41799545288086,4288.0498046875,13219.3203125,17.520000457763672,26967.916015625
2023-10-31,345.3478088378906,145.06565856933594,40.704063415527344,4193.7998046875,12851.240234375,18.139999389648438,34667.78125
2023-11-30,382.71038818359375,168.4327850341797,46.68292236328125,4567.7998046875,14226.2197265625,12.920000076293945,37712.74609375
2023-12-31,404.0923156738281,189.2834014892578,49.43413162231445,4769.830078125,15011.349609375,12.449999809265137,42265.1875
2024-01-31,411.4435729980469,192.55255126953125,61.41783142089844,4845.64990234375,15164.009765625,14.350000381469727,42582.60546875
2024-02-29,433.1816101074219,214.2506561279297,78.97162628173828,5096.27001953125,16091.919921875,13.399999618530273,61198.3828125
2024-03-31,438.7045593261719,222.9123077392578,90.19990539550781,5254.35009765625,16379.4599609375,13.010000228881836,71333.6484375
2024-04-30,419.5165710449219,211.14112854003906,86.25274658203125,5035.68994140625,15657.8203125,15.649999618530273,60636.85546875
2024-05-31,445.324462890625,230.89459228515625,109.44361114501953,5277.509765625,16735.01953125,12.920000076293945,67491.4140625
2024-06-30,474.1375732421875,243.6568145751953,123.33672332763672,5460.47998046875,17732.599609375,12.4399995803833,62678.29296875
2024-07-31,466.1809997558594,232.54244995117188,116.82742309570312,5522.2998046875,17599.400390625,16.360000610351562,64619.25
2024-08-31,471.3270263671875,228.3535614013672,119.173583984375,5648.39990234375,17713.619140625,15.0,58969.8984375
2024-09-30,483.6833190917969,228.3648681640625,121.25054168701172,5762.47998046875,18189.169921875,16.729999542236328,63329.5
2024-10-31,479.5012512207031,216.1538543701172,132.55288696289062,5705.4501953125,18095.150390625,23.15999984741211,70215.1875
2024-11-30,505.1585388183594,213.32144165039062,138.03433227539062,6032.3798828125,19218.169921875,13.510000228881836,96449.0546875
2024-12-31,507.4521484375,213.7470245361328,134.0897216796875,5881.6298828125,19310.7890625,17.350000381469727,93429.203125
2025-01-31,518.4303588867188,216.36566162109375,119.89093780517578,6040.52978515625,19627.439453125,16.43000030517578,102405.0234375
2025-02-28,504.41473388671875,206.8334197998047,124.73369598388672,5954.5,18847.279296875,19.6299991607666,84373.0078125
2025-03-31,466.1488952636719,186.88661193847656,108.22832489013672,5611.85009765625,17299.2890625,22.280000686645508,82548.9140625
2025-04-30,472.66015625,182.5861358642578,108.76756286621094,5569.06005859375,17446.33984375,24.700000762939453,94207.3125
2025-05-31,516.0422973632812,203.54222106933594,134.94088745117188,5911.68994140625,19113.76953125,18.56999969482422,104638.09375
2025-06-30,548.9959106445312,237.59132385253906,157.7798614501953,6204.9501953125,20369.73046875,16.729999542236328,107135.3359375
2025-07-31,562.3018188476562,238.91514587402344,177.6334228515625,6339.39013671875,21122.44921875,16.719999313354492,115758.203125
2025-08-31,567.666015625,244.1805877685547,173.9483184814453,6460.259765625,21455.55078125,15.359999656677246,108236.7109375
2025-09-30,598.18505859375,270.42822265625,186.3423309326172,6688.4599609375,22660.009765625,16.280000686645508,114056.0859375
2025-10-31,626.7805786132812,305.767822265625,202.23207092285156,6840.2001953125,23724.9609375,17.440000534057617,109556.1640625
2025-11-30,616.996337890625,295.98284912109375,176.7745361328125,6849.08984375,23365.689453125,16.350000381469727,90394.3125
2025-12-31,612.8628540039062,300.82171630859375,186.27279663085938,6845.5,23241.990234375,14.949999809265137,87508.828125
2026-01-31,620.4050903320312,345.9224853515625,190.8971710205078,6939.02978515625,23461.8203125,17.440000534057617,78621.1171875
2026-02-28,605.859375,351.906005859375,176.97415161132812,6878.8798828125,22668.2109375,19.860000610351562,66995.859375
2026-03-31,576.54638671875,328.5039978027344,174.1969757080078,6528.52001953125,21590.630859375,25.25,68233.3125
2026-04-30,667.0069580078125,461.2209777832031,199.33767700195312,7209.009765625,24892.310546875,16.889999389648438,76304.3203125
2026-05-31,737.49951171875,568.8099365234375,210.8942108154297,7580.06005859375,26972.619140625,15.319999694824219,73579.6875
2026-06-30,736.4000244140625,640.760009765625,200.08999633789062,7499.35986328125,26213.720703125,16.450000762939453,58558.859375
2026-07-31,688.6978759765625,510.79998779296875,198.67999267578125,7483.43017578125,25323.248046875,16.549999237060547,63015.21875
